
 RUN  v4.1.11 C:/Users/matma/Documents/Rozwój gier/hud-template-history-verdict-audit-20261003

 ❯ tests/unit/ui-template-chord-release.test.ts (32 tests | 32 failed) 95ms
   × world/normal: camera button1 up cannot discard still-held primary template ownership 21ms
   × world/normal: camera button2 up cannot discard still-held primary template ownership 3ms
   × world/normal: ordinary owning primary release remains legal 3ms
   × world/normal: camera-only gesture cannot create a template press 3ms
   × world/normal: camera-only gesture cannot create a template press 3ms
   × world/normal: rotation change invalidates old primary, then fresh primary remains legal 2ms
   × world/mirrored: camera button1 up cannot discard still-held primary template ownership 2ms
   × world/mirrored: camera button2 up cannot discard still-held primary template ownership 2ms
   × world/mirrored: ordinary owning primary release remains legal 3ms
   × world/mirrored: camera-only gesture cannot create a template press 2ms
   × world/mirrored: camera-only gesture cannot create a template press 2ms
   × world/mirrored: rotation change invalidates old primary, then fresh primary remains legal 2ms
   × oblique/normal: camera button1 up cannot discard still-held primary template ownership 4ms
   × oblique/normal: camera button2 up cannot discard still-held primary template ownership 3ms
   × oblique/normal: ordinary owning primary release remains legal 2ms
   × oblique/normal: camera-only gesture cannot create a template press 2ms
   × oblique/normal: camera-only gesture cannot create a template press 2ms
   × oblique/normal: rotation change invalidates old primary, then fresh primary remains legal 2ms
   × oblique/mirrored: camera button1 up cannot discard still-held primary template ownership 2ms
   × oblique/mirrored: camera button2 up cannot discard still-held primary template ownership 2ms
   × oblique/mirrored: ordinary owning primary release remains legal 2ms
   × oblique/mirrored: camera-only gesture cannot create a template press 2ms
   × oblique/mirrored: camera-only gesture cannot create a template press 2ms
   × oblique/mirrored: rotation change invalidates old primary, then fresh primary remains legal 2ms
   × world/normal: second touch must not buy an armed template before first finger lifts 2ms
   × world/normal: real primary touch tap remains a legal plan placement 5ms
   × world/mirrored: second touch must not buy an armed template before first finger lifts 3ms
   × world/mirrored: real primary touch tap remains a legal plan placement 2ms
   × oblique/normal: second touch must not buy an armed template before first finger lifts 2ms
   × oblique/normal: real primary touch tap remains a legal plan placement 2ms
   × oblique/mirrored: second touch must not buy an armed template before first finger lifts 1ms
   × oblique/mirrored: real primary touch tap remains a legal plan placement 2ms
 ❯ tests/unit/ui-template-held-dialog-transform.test.ts (24 tests | 24 failed) 161ms
   × world/cell-basic: public dialog rotation while primary held requires fresh press and matches whole current quote/footprint 45ms
   × world/cell-basic: public dialog mirror while primary held requires fresh press and matches whole current quote/footprint 12ms
   × world/cell-basic: public dialog both while primary held requires fresh press and matches whole current quote/footprint 5ms
   × world/cell-basic: unchanged public rotated selection permits the owning primary release 5ms
   × world/canteen-basic: public dialog rotation while primary held requires fresh press and matches whole current quote/footprint 6ms
   × world/canteen-basic: public dialog mirror while primary held requires fresh press and matches whole current quote/footprint 5ms
   × world/canteen-basic: public dialog both while primary held requires fresh press and matches whole current quote/footprint 6ms
   × world/canteen-basic: unchanged public rotated selection permits the owning primary release 4ms
   × world/laundry-basic: public dialog rotation while primary held requires fresh press and matches whole current quote/footprint 6ms
   × world/laundry-basic: public dialog mirror while primary held requires fresh press and matches whole current quote/footprint 5ms
   × world/laundry-basic: public dialog both while primary held requires fresh press and matches whole current quote/footprint 5ms
   × world/laundry-basic: unchanged public rotated selection permits the owning primary release 8ms
   × oblique/cell-basic: public dialog rotation while primary held requires fresh press and matches whole current quote/footprint 5ms
   × oblique/cell-basic: public dialog mirror while primary held requires fresh press and matches whole current quote/footprint 4ms
   × oblique/cell-basic: public dialog both while primary held requires fresh press and matches whole current quote/footprint 3ms
   × oblique/cell-basic: unchanged public rotated selection permits the owning primary release 3ms
   × oblique/canteen-basic: public dialog rotation while primary held requires fresh press and matches whole current quote/footprint 3ms
   × oblique/canteen-basic: public dialog mirror while primary held requires fresh press and matches whole current quote/footprint 4ms
   × oblique/canteen-basic: public dialog both while primary held requires fresh press and matches whole current quote/footprint 11ms
   × oblique/canteen-basic: unchanged public rotated selection permits the owning primary release 4ms
   × oblique/laundry-basic: public dialog rotation while primary held requires fresh press and matches whole current quote/footprint 4ms
   × oblique/laundry-basic: public dialog mirror while primary held requires fresh press and matches whole current quote/footprint 3ms
   × oblique/laundry-basic: public dialog both while primary held requires fresh press and matches whole current quote/footprint 3ms
   × oblique/laundry-basic: unchanged public rotated selection permits the owning primary release 2ms
 ❯ tests/unit/ui-renderer-template-stationary-hover.test.ts (20 tests | 20 failed) 67ms
   × world→replacement rotated plan retains physical map cursor despite old worker reply 23ms
   × world→replacement rotated: physical movement restores current legal preflight and command 5ms
   × world→replacement rotated/mirrored plan retains physical map cursor despite old worker reply 2ms
   × world→replacement rotated/mirrored: physical movement restores current legal preflight and command 2ms
   × oblique→replacement rotated plan retains physical map cursor despite old worker reply 4ms
   × oblique→replacement rotated: physical movement restores current legal preflight and command 2ms
   × oblique→replacement rotated/mirrored plan retains physical map cursor despite old worker reply 2ms
   × oblique→replacement rotated/mirrored: physical movement restores current legal preflight and command 2ms
   × world?replacement: old real refusal cannot hide or block the newly picked legal plan 2ms
   × world?replacement: real UI movement while bridges are withdrawn invalidates physical hover 3ms
   × world?replacement: current canvas bounds convert retained physical coordinates anew 2ms
   × world?replacement/mirrored: old real refusal cannot hide or block the newly picked legal plan 2ms
   × world?replacement/mirrored: real UI movement while bridges are withdrawn invalidates physical hover 2ms
   × world?replacement/mirrored: current canvas bounds convert retained physical coordinates anew 2ms
   × oblique?replacement: old real refusal cannot hide or block the newly picked legal plan 2ms
   × oblique?replacement: real UI movement while bridges are withdrawn invalidates physical hover 2ms
   × oblique?replacement: current canvas bounds convert retained physical coordinates anew 1ms
   × oblique?replacement/mirrored: old real refusal cannot hide or block the newly picked legal plan 1ms
   × oblique?replacement/mirrored: real UI movement while bridges are withdrawn invalidates physical hover 1ms
   × oblique?replacement/mirrored: current canvas bounds convert retained physical coordinates anew 5ms
 ❯ tests/unit/ui-template-camera-preflight-coherence.test.ts (8 tests | 8 failed) 33ms
   × actual angled pose/normal: pending old preflight, stationary primary release retains displayed footprint/quote 18ms
   × actual angled pose/mirrored: pending old preflight, stationary primary release retains displayed footprint/quote 3ms
   × actual angled zoom/normal: pending old preflight, stationary primary release retains displayed footprint/quote 2ms
   × actual angled zoom/mirrored: pending old preflight, stationary primary release retains displayed footprint/quote 2ms
   × actual angled resize/normal: pending old preflight, stationary primary release retains displayed footprint/quote 2ms
   × actual angled resize/mirrored: pending old preflight, stationary primary release retains displayed footprint/quote 2ms
   × actual angled ui-scale/normal: pending old preflight, stationary primary release retains displayed footprint/quote 2ms
   × actual angled ui-scale/mirrored: pending old preflight, stationary primary release retains displayed footprint/quote 2ms

 Test Files  4 failed (4)
      Tests  84 failed (84)
     Errors  148 errors
   Start at  07:51:02
   Duration  4.89s (transform 2.85s, setup 0ms, import 8.49s, tests 356ms, environment 0ms)


⎯⎯⎯⎯⎯⎯ Failed Tests 84 ⎯⎯⎯⎯⎯⎯⎯

 FAIL  tests/unit/ui-renderer-template-stationary-hover.test.ts > world→replacement rotated plan retains physical map cursor despite old worker reply
 FAIL  tests/unit/ui-renderer-template-stationary-hover.test.ts > world→replacement rotated/mirrored plan retains physical map cursor despite old worker reply
 FAIL  tests/unit/ui-renderer-template-stationary-hover.test.ts > oblique→replacement rotated plan retains physical map cursor despite old worker reply
 FAIL  tests/unit/ui-renderer-template-stationary-hover.test.ts > oblique→replacement rotated/mirrored plan retains physical map cursor despite old worker reply
ReferenceError: renderFeed is not defined
 ❯ Object.worldRevision tests/unit/ui-renderer-template-stationary-hover.test.ts:107:16
    105|     place: async request => actors.commands.submit({ type: 'PlaceRoomT…
    106|   tool.select('cell-basic', mirrored, 1); tool.arm();
    107|   const main = new Function('worldScene', 'roomTemplateTool', 'appRoot…
       |                ^
    108|     'screenToGround', 'groundToScreen', 'computeObliqueFit', 'TILE_SIZ…
    109|     `let reinstallPlanGhost = () => {}; let withdrawPlanGhost = () => …
 ❯ move src/ui/room-template-world-bridge.ts:51:39
 ❯ paint src/ui/room-template-world-bridge.ts:153:32
 ❯ paint tests/unit/ui-renderer-template-stationary-hover.test.ts:143:69
 ❯ setup tests/unit/ui-renderer-template-stationary-hover.test.ts:144:41
 ❯ tests/unit/ui-renderer-template-stationary-hover.test.ts:159:21

⎯⎯⎯⎯⎯⎯⎯⎯⎯⎯⎯⎯⎯⎯⎯⎯⎯⎯⎯⎯⎯⎯⎯[1/84]⎯

 FAIL  tests/unit/ui-renderer-template-stationary-hover.test.ts > world→replacement rotated: physical movement restores current legal preflight and command
 FAIL  tests/unit/ui-renderer-template-stationary-hover.test.ts > world→replacement rotated/mirrored: physical movement restores current legal preflight and command
 FAIL  tests/unit/ui-renderer-template-stationary-hover.test.ts > oblique→replacement rotated: physical movement restores current legal preflight and command
 FAIL  tests/unit/ui-renderer-template-stationary-hover.test.ts > oblique→replacement rotated/mirrored: physical movement restores current legal preflight and command
ReferenceError: renderFeed is not defined
 ❯ Object.worldRevision tests/unit/ui-renderer-template-stationary-hover.test.ts:107:16
    105|     place: async request => actors.commands.submit({ type: 'PlaceRoomT…
    106|   tool.select('cell-basic', mirrored, 1); tool.arm();
    107|   const main = new Function('worldScene', 'roomTemplateTool', 'appRoot…
       |                ^
    108|     'screenToGround', 'groundToScreen', 'computeObliqueFit', 'TILE_SIZ…
    109|     `let reinstallPlanGhost = () => {}; let withdrawPlanGhost = () => …
 ❯ move src/ui/room-template-world-bridge.ts:51:39
 ❯ paint src/ui/room-template-world-bridge.ts:153:32
 ❯ paint tests/unit/ui-renderer-template-stationary-hover.test.ts:143:69
 ❯ setup tests/unit/ui-renderer-template-stationary-hover.test.ts:144:41
 ❯ tests/unit/ui-renderer-template-stationary-hover.test.ts:174:21

⎯⎯⎯⎯⎯⎯⎯⎯⎯⎯⎯⎯⎯⎯⎯⎯⎯⎯⎯⎯⎯⎯⎯[2/84]⎯

 FAIL  tests/unit/ui-renderer-template-stationary-hover.test.ts > world?replacement: old real refusal cannot hide or block the newly picked legal plan
 FAIL  tests/unit/ui-renderer-template-stationary-hover.test.ts > world?replacement/mirrored: old real refusal cannot hide or block the newly picked legal plan
 FAIL  tests/unit/ui-renderer-template-stationary-hover.test.ts > oblique?replacement: old real refusal cannot hide or block the newly picked legal plan
 FAIL  tests/unit/ui-renderer-template-stationary-hover.test.ts > oblique?replacement/mirrored: old real refusal cannot hide or block the newly picked legal plan
ReferenceError: renderFeed is not defined
 ❯ Object.worldRevision tests/unit/ui-renderer-template-stationary-hover.test.ts:107:16
    105|     place: async request => actors.commands.submit({ type: 'PlaceRoomT…
    106|   tool.select('cell-basic', mirrored, 1); tool.arm();
    107|   const main = new Function('worldScene', 'roomTemplateTool', 'appRoot…
       |                ^
    108|     'screenToGround', 'groundToScreen', 'computeObliqueFit', 'TILE_SIZ…
    109|     `let reinstallPlanGhost = () => {}; let withdrawPlanGhost = () => …
 ❯ move src/ui/room-template-world-bridge.ts:51:39
 ❯ paint src/ui/room-template-world-bridge.ts:153:32
 ❯ paint tests/unit/ui-renderer-template-stationary-hover.test.ts:143:69
 ❯ setup tests/unit/ui-renderer-template-stationary-hover.test.ts:144:41
 ❯ tests/unit/ui-renderer-template-stationary-hover.test.ts:191:21

⎯⎯⎯⎯⎯⎯⎯⎯⎯⎯⎯⎯⎯⎯⎯⎯⎯⎯⎯⎯⎯⎯⎯[3/84]⎯

 FAIL  tests/unit/ui-renderer-template-stationary-hover.test.ts > world?replacement: real UI movement while bridges are withdrawn invalidates physical hover
 FAIL  tests/unit/ui-renderer-template-stationary-hover.test.ts > world?replacement/mirrored: real UI movement while bridges are withdrawn invalidates physical hover
 FAIL  tests/unit/ui-renderer-template-stationary-hover.test.ts > oblique?replacement: real UI movement while bridges are withdrawn invalidates physical hover
 FAIL  tests/unit/ui-renderer-template-stationary-hover.test.ts > oblique?replacement/mirrored: real UI movement while bridges are withdrawn invalidates physical hover
ReferenceError: renderFeed is not defined
 ❯ Object.worldRevision tests/unit/ui-renderer-template-stationary-hover.test.ts:107:16
    105|     place: async request => actors.commands.submit({ type: 'PlaceRoomT…
    106|   tool.select('cell-basic', mirrored, 1); tool.arm();
    107|   const main = new Function('worldScene', 'roomTemplateTool', 'appRoot…
       |                ^
    108|     'screenToGround', 'groundToScreen', 'computeObliqueFit', 'TILE_SIZ…
    109|     `let reinstallPlanGhost = () => {}; let withdrawPlanGhost = () => …
 ❯ move src/ui/room-template-world-bridge.ts:51:39
 ❯ paint src/ui/room-template-world-bridge.ts:153:32
 ❯ paint tests/unit/ui-renderer-template-stationary-hover.test.ts:143:69
 ❯ setup tests/unit/ui-renderer-template-stationary-hover.test.ts:144:41
 ❯ tests/unit/ui-renderer-template-stationary-hover.test.ts:198:21

⎯⎯⎯⎯⎯⎯⎯⎯⎯⎯⎯⎯⎯⎯⎯⎯⎯⎯⎯⎯⎯⎯⎯[4/84]⎯

 FAIL  tests/unit/ui-renderer-template-stationary-hover.test.ts > world?replacement: current canvas bounds convert retained physical coordinates anew
 FAIL  tests/unit/ui-renderer-template-stationary-hover.test.ts > world?replacement/mirrored: current canvas bounds convert retained physical coordinates anew
 FAIL  tests/unit/ui-renderer-template-stationary-hover.test.ts > oblique?replacement: current canvas bounds convert retained physical coordinates anew
 FAIL  tests/unit/ui-renderer-template-stationary-hover.test.ts > oblique?replacement/mirrored: current canvas bounds convert retained physical coordinates anew
ReferenceError: renderFeed is not defined
 ❯ Object.worldRevision tests/unit/ui-renderer-template-stationary-hover.test.ts:107:16
    105|     place: async request => actors.commands.submit({ type: 'PlaceRoomT…
    106|   tool.select('cell-basic', mirrored, 1); tool.arm();
    107|   const main = new Function('worldScene', 'roomTemplateTool', 'appRoot…
       |                ^
    108|     'screenToGround', 'groundToScreen', 'computeObliqueFit', 'TILE_SIZ…
    109|     `let reinstallPlanGhost = () => {}; let withdrawPlanGhost = () => …
 ❯ move src/ui/room-template-world-bridge.ts:51:39
 ❯ paint src/ui/room-template-world-bridge.ts:153:32
 ❯ paint tests/unit/ui-renderer-template-stationary-hover.test.ts:143:69
 ❯ setup tests/unit/ui-renderer-template-stationary-hover.test.ts:144:41
 ❯ tests/unit/ui-renderer-template-stationary-hover.test.ts:206:21

⎯⎯⎯⎯⎯⎯⎯⎯⎯⎯⎯⎯⎯⎯⎯⎯⎯⎯⎯⎯⎯⎯⎯[5/84]⎯

 FAIL  tests/unit/ui-template-camera-preflight-coherence.test.ts > actual angled pose/normal: pending old preflight, stationary primary release retains displayed footprint/quote
 FAIL  tests/unit/ui-template-camera-preflight-coherence.test.ts > actual angled pose/mirrored: pending old preflight, stationary primary release retains displayed footprint/quote
 FAIL  tests/unit/ui-template-camera-preflight-coherence.test.ts > actual angled zoom/normal: pending old preflight, stationary primary release retains displayed footprint/quote
 FAIL  tests/unit/ui-template-camera-preflight-coherence.test.ts > actual angled zoom/mirrored: pending old preflight, stationary primary release retains displayed footprint/quote
 FAIL  tests/unit/ui-template-camera-preflight-coherence.test.ts > actual angled resize/normal: pending old preflight, stationary primary release retains displayed footprint/quote
 FAIL  tests/unit/ui-template-camera-preflight-coherence.test.ts > actual angled resize/mirrored: pending old preflight, stationary primary release retains displayed footprint/quote
 FAIL  tests/unit/ui-template-camera-preflight-coherence.test.ts > actual angled ui-scale/normal: pending old preflight, stationary primary release retains displayed footprint/quote
 FAIL  tests/unit/ui-template-camera-preflight-coherence.test.ts > actual angled ui-scale/mirrored: pending old preflight, stationary primary release retains displayed footprint/quote
ReferenceError: renderFeed is not defined
 ❯ Object.worldRevision tests/unit/ui-template-camera-preflight-coherence.test.ts:106:16
    104|     : selector === '.hud__corner' ? box(0, 0, 350 * uiScale, 130 * uiS…
    105|     : selector === '.hud-strip' ? box(0, 0, 1920, 130 * uiScale) : und…
    106|   const main = new Function('worldScene', 'roomTemplateTool', 'appRoot…
       |                ^
    107|     'screenToGround', 'groundToScreen', 'computeObliqueFit', 'TILE_SIZ…
    108|     `let reinstallPlanGhost = () => {}; let withdrawPlanGhost = () => …
 ❯ move src/ui/room-template-world-bridge.ts:51:39
 ❯ paint src/ui/room-template-world-bridge.ts:153:32
 ❯ paint tests/unit/ui-template-camera-preflight-coherence.test.ts:122:69
 ❯ setup tests/unit/ui-template-camera-preflight-coherence.test.ts:123:89
 ❯ tests/unit/ui-template-camera-preflight-coherence.test.ts:133:21

⎯⎯⎯⎯⎯⎯⎯⎯⎯⎯⎯⎯⎯⎯⎯⎯⎯⎯⎯⎯⎯⎯⎯[6/84]⎯

 FAIL  tests/unit/ui-template-chord-release.test.ts > world/normal: camera button1 up cannot discard still-held primary template ownership
 FAIL  tests/unit/ui-template-chord-release.test.ts > world/normal: camera button2 up cannot discard still-held primary template ownership
 FAIL  tests/unit/ui-template-chord-release.test.ts > world/mirrored: camera button1 up cannot discard still-held primary template ownership
 FAIL  tests/unit/ui-template-chord-release.test.ts > world/mirrored: camera button2 up cannot discard still-held primary template ownership
 FAIL  tests/unit/ui-template-chord-release.test.ts > oblique/normal: camera button1 up cannot discard still-held primary template ownership
 FAIL  tests/unit/ui-template-chord-release.test.ts > oblique/normal: camera button2 up cannot discard still-held primary template ownership
 FAIL  tests/unit/ui-template-chord-release.test.ts > oblique/mirrored: camera button1 up cannot discard still-held primary template ownership
 FAIL  tests/unit/ui-template-chord-release.test.ts > oblique/mirrored: camera button2 up cannot discard still-held primary template ownership
ReferenceError: renderFeed is not defined
 ❯ Object.worldRevision tests/unit/ui-template-chord-release.test.ts:128:16
    126|     : selector === '.hud__corner' ? box(0, 0, 350 * uiScale, 130 * uiS…
    127|     : selector === '.hud-strip' ? box(0, 0, 1920, 130 * uiScale) : und…
    128|   const main = new Function('worldScene', 'roomTemplateTool', 'appRoot…
       |                ^
    129|     'screenToGround', 'groundToScreen', 'computeObliqueFit', 'TILE_SIZ…
    130|     `let reinstallPlanGhost = () => {}; let withdrawPlanGhost = () => …
 ❯ move src/ui/room-template-world-bridge.ts:51:39
 ❯ paint src/ui/room-template-world-bridge.ts:153:32
 ❯ paint tests/unit/ui-template-chord-release.test.ts:139:69
 ❯ setup tests/unit/ui-template-chord-release.test.ts:140:89
 ❯ tests/unit/ui-template-chord-release.test.ts:154:21

⎯⎯⎯⎯⎯⎯⎯⎯⎯⎯⎯⎯⎯⎯⎯⎯⎯⎯⎯⎯⎯⎯⎯[7/84]⎯

 FAIL  tests/unit/ui-template-chord-release.test.ts > world/normal: ordinary owning primary release remains legal
 FAIL  tests/unit/ui-template-chord-release.test.ts > world/mirrored: ordinary owning primary release remains legal
 FAIL  tests/unit/ui-template-chord-release.test.ts > oblique/normal: ordinary owning primary release remains legal
 FAIL  tests/unit/ui-template-chord-release.test.ts > oblique/mirrored: ordinary owning primary release remains legal
ReferenceError: renderFeed is not defined
 ❯ Object.worldRevision tests/unit/ui-template-chord-release.test.ts:128:16
    126|     : selector === '.hud__corner' ? box(0, 0, 350 * uiScale, 130 * uiS…
    127|     : selector === '.hud-strip' ? box(0, 0, 1920, 130 * uiScale) : und…
    128|   const main = new Function('worldScene', 'roomTemplateTool', 'appRoot…
       |                ^
    129|     'screenToGround', 'groundToScreen', 'computeObliqueFit', 'TILE_SIZ…
    130|     `let reinstallPlanGhost = () => {}; let withdrawPlanGhost = () => …
 ❯ move src/ui/room-template-world-bridge.ts:51:39
 ❯ paint src/ui/room-template-world-bridge.ts:153:32
 ❯ paint tests/unit/ui-template-chord-release.test.ts:139:69
 ❯ setup tests/unit/ui-template-chord-release.test.ts:140:89
 ❯ tests/unit/ui-template-chord-release.test.ts:168:21

⎯⎯⎯⎯⎯⎯⎯⎯⎯⎯⎯⎯⎯⎯⎯⎯⎯⎯⎯⎯⎯⎯⎯[8/84]⎯

 FAIL  tests/unit/ui-template-chord-release.test.ts > world/normal: camera-only gesture cannot create a template press
 FAIL  tests/unit/ui-template-chord-release.test.ts > world/normal: camera-only gesture cannot create a template press
 FAIL  tests/unit/ui-template-chord-release.test.ts > world/mirrored: camera-only gesture cannot create a template press
 FAIL  tests/unit/ui-template-chord-release.test.ts > world/mirrored: camera-only gesture cannot create a template press
 FAIL  tests/unit/ui-template-chord-release.test.ts > oblique/normal: camera-only gesture cannot create a template press
 FAIL  tests/unit/ui-template-chord-release.test.ts > oblique/normal: camera-only gesture cannot create a template press
 FAIL  tests/unit/ui-template-chord-release.test.ts > oblique/mirrored: camera-only gesture cannot create a template press
 FAIL  tests/unit/ui-template-chord-release.test.ts > oblique/mirrored: camera-only gesture cannot create a template press
ReferenceError: renderFeed is not defined
 ❯ Object.worldRevision tests/unit/ui-template-chord-release.test.ts:128:16
    126|     : selector === '.hud__corner' ? box(0, 0, 350 * uiScale, 130 * uiS…
    127|     : selector === '.hud-strip' ? box(0, 0, 1920, 130 * uiScale) : und…
    128|   const main = new Function('worldScene', 'roomTemplateTool', 'appRoot…
       |                ^
    129|     'screenToGround', 'groundToScreen', 'computeObliqueFit', 'TILE_SIZ…
    130|     `let reinstallPlanGhost = () => {}; let withdrawPlanGhost = () => …
 ❯ move src/ui/room-template-world-bridge.ts:51:39
 ❯ paint src/ui/room-template-world-bridge.ts:153:32
 ❯ paint tests/unit/ui-template-chord-release.test.ts:139:69
 ❯ setup tests/unit/ui-template-chord-release.test.ts:140:89
 ❯ tests/unit/ui-template-chord-release.test.ts:173:21

⎯⎯⎯⎯⎯⎯⎯⎯⎯⎯⎯⎯⎯⎯⎯⎯⎯⎯⎯⎯⎯⎯⎯[9/84]⎯

 FAIL  tests/unit/ui-template-chord-release.test.ts > world/normal: rotation change invalidates old primary, then fresh primary remains legal
 FAIL  tests/unit/ui-template-chord-release.test.ts > world/mirrored: rotation change invalidates old primary, then fresh primary remains legal
 FAIL  tests/unit/ui-template-chord-release.test.ts > oblique/normal: rotation change invalidates old primary, then fresh primary remains legal
 FAIL  tests/unit/ui-template-chord-release.test.ts > oblique/mirrored: rotation change invalidates old primary, then fresh primary remains legal
ReferenceError: renderFeed is not defined
 ❯ Object.worldRevision tests/unit/ui-template-chord-release.test.ts:128:16
    126|     : selector === '.hud__corner' ? box(0, 0, 350 * uiScale, 130 * uiS…
    127|     : selector === '.hud-strip' ? box(0, 0, 1920, 130 * uiScale) : und…
    128|   const main = new Function('worldScene', 'roomTemplateTool', 'appRoot…
       |                ^
    129|     'screenToGround', 'groundToScreen', 'computeObliqueFit', 'TILE_SIZ…
    130|     `let reinstallPlanGhost = () => {}; let withdrawPlanGhost = () => …
 ❯ move src/ui/room-template-world-bridge.ts:51:39
 ❯ paint src/ui/room-template-world-bridge.ts:153:32
 ❯ paint tests/unit/ui-template-chord-release.test.ts:139:69
 ❯ setup tests/unit/ui-template-chord-release.test.ts:140:89
 ❯ tests/unit/ui-template-chord-release.test.ts:182:21

⎯⎯⎯⎯⎯⎯⎯⎯⎯⎯⎯⎯⎯⎯⎯⎯⎯⎯⎯⎯⎯⎯[10/84]⎯

 FAIL  tests/unit/ui-template-chord-release.test.ts > world/normal: second touch must not buy an armed template before first finger lifts
 FAIL  tests/unit/ui-template-chord-release.test.ts > world/mirrored: second touch must not buy an armed template before first finger lifts
 FAIL  tests/unit/ui-template-chord-release.test.ts > oblique/normal: second touch must not buy an armed template before first finger lifts
 FAIL  tests/unit/ui-template-chord-release.test.ts > oblique/mirrored: second touch must not buy an armed template before first finger lifts
ReferenceError: renderFeed is not defined
 ❯ Object.worldRevision tests/unit/ui-template-chord-release.test.ts:128:16
    126|     : selector === '.hud__corner' ? box(0, 0, 350 * uiScale, 130 * uiS…
    127|     : selector === '.hud-strip' ? box(0, 0, 1920, 130 * uiScale) : und…
    128|   const main = new Function('worldScene', 'roomTemplateTool', 'appRoot…
       |                ^
    129|     'screenToGround', 'groundToScreen', 'computeObliqueFit', 'TILE_SIZ…
    130|     `let reinstallPlanGhost = () => {}; let withdrawPlanGhost = () => …
 ❯ move src/ui/room-template-world-bridge.ts:51:39
 ❯ paint src/ui/room-template-world-bridge.ts:153:32
 ❯ paint tests/unit/ui-template-chord-release.test.ts:139:69
 ❯ setup tests/unit/ui-template-chord-release.test.ts:140:89
 ❯ tests/unit/ui-template-chord-release.test.ts:201:21

⎯⎯⎯⎯⎯⎯⎯⎯⎯⎯⎯⎯⎯⎯⎯⎯⎯⎯⎯⎯⎯⎯[11/84]⎯

 FAIL  tests/unit/ui-template-chord-release.test.ts > world/normal: real primary touch tap remains a legal plan placement
 FAIL  tests/unit/ui-template-chord-release.test.ts > world/mirrored: real primary touch tap remains a legal plan placement
 FAIL  tests/unit/ui-template-chord-release.test.ts > oblique/normal: real primary touch tap remains a legal plan placement
 FAIL  tests/unit/ui-template-chord-release.test.ts > oblique/mirrored: real primary touch tap remains a legal plan placement
ReferenceError: renderFeed is not defined
 ❯ Object.worldRevision tests/unit/ui-template-chord-release.test.ts:128:16
    126|     : selector === '.hud__corner' ? box(0, 0, 350 * uiScale, 130 * uiS…
    127|     : selector === '.hud-strip' ? box(0, 0, 1920, 130 * uiScale) : und…
    128|   const main = new Function('worldScene', 'roomTemplateTool', 'appRoot…
       |                ^
    129|     'screenToGround', 'groundToScreen', 'computeObliqueFit', 'TILE_SIZ…
    130|     `let reinstallPlanGhost = () => {}; let withdrawPlanGhost = () => …
 ❯ move src/ui/room-template-world-bridge.ts:51:39
 ❯ paint src/ui/room-template-world-bridge.ts:153:32
 ❯ paint tests/unit/ui-template-chord-release.test.ts:139:69
 ❯ setup tests/unit/ui-template-chord-release.test.ts:140:89
 ❯ tests/unit/ui-template-chord-release.test.ts:219:21

⎯⎯⎯⎯⎯⎯⎯⎯⎯⎯⎯⎯⎯⎯⎯⎯⎯⎯⎯⎯⎯⎯[12/84]⎯

 FAIL  tests/unit/ui-template-held-dialog-transform.test.ts > world/cell-basic: public dialog rotation while primary held requires fresh press and matches whole current quote/footprint
 FAIL  tests/unit/ui-template-held-dialog-transform.test.ts > world/cell-basic: public dialog mirror while primary held requires fresh press and matches whole current quote/footprint
 FAIL  tests/unit/ui-template-held-dialog-transform.test.ts > world/cell-basic: public dialog both while primary held requires fresh press and matches whole current quote/footprint
 FAIL  tests/unit/ui-template-held-dialog-transform.test.ts > world/canteen-basic: public dialog rotation while primary held requires fresh press and matches whole current quote/footprint
 FAIL  tests/unit/ui-template-held-dialog-transform.test.ts > world/canteen-basic: public dialog mirror while primary held requires fresh press and matches whole current quote/footprint
 FAIL  tests/unit/ui-template-held-dialog-transform.test.ts > world/canteen-basic: public dialog both while primary held requires fresh press and matches whole current quote/footprint
 FAIL  tests/unit/ui-template-held-dialog-transform.test.ts > world/laundry-basic: public dialog rotation while primary held requires fresh press and matches whole current quote/footprint
 FAIL  tests/unit/ui-template-held-dialog-transform.test.ts > world/laundry-basic: public dialog mirror while primary held requires fresh press and matches whole current quote/footprint
 FAIL  tests/unit/ui-template-held-dialog-transform.test.ts > world/laundry-basic: public dialog both while primary held requires fresh press and matches whole current quote/footprint
 FAIL  tests/unit/ui-template-held-dialog-transform.test.ts > oblique/cell-basic: public dialog rotation while primary held requires fresh press and matches whole current quote/footprint
 FAIL  tests/unit/ui-template-held-dialog-transform.test.ts > oblique/cell-basic: public dialog mirror while primary held requires fresh press and matches whole current quote/footprint
 FAIL  tests/unit/ui-template-held-dialog-transform.test.ts > oblique/cell-basic: public dialog both while primary held requires fresh press and matches whole current quote/footprint
 FAIL  tests/unit/ui-template-held-dialog-transform.test.ts > oblique/canteen-basic: public dialog rotation while primary held requires fresh press and matches whole current quote/footprint
 FAIL  tests/unit/ui-template-held-dialog-transform.test.ts > oblique/canteen-basic: public dialog mirror while primary held requires fresh press and matches whole current quote/footprint
 FAIL  tests/unit/ui-template-held-dialog-transform.test.ts > oblique/canteen-basic: public dialog both while primary held requires fresh press and matches whole current quote/footprint
 FAIL  tests/unit/ui-template-held-dialog-transform.test.ts > oblique/laundry-basic: public dialog rotation while primary held requires fresh press and matches whole current quote/footprint
 FAIL  tests/unit/ui-template-held-dialog-transform.test.ts > oblique/laundry-basic: public dialog mirror while primary held requires fresh press and matches whole current quote/footprint
 FAIL  tests/unit/ui-template-held-dialog-transform.test.ts > oblique/laundry-basic: public dialog both while primary held requires fresh press and matches whole current quote/footprint
ReferenceError: renderFeed is not defined
 ❯ Object.worldRevision tests/unit/ui-template-held-dialog-transform.test.ts:146:16
    144|     : selector === '.hud__corner' ? box(0, 0, 350 * uiScale, 130 * uiS…
    145|     : selector === '.hud-strip' ? box(0, 0, 1920, 130 * uiScale) : und…
    146|   const main = new Function('worldScene', 'roomTemplateTool', 'appRoot…
       |                ^
    147|     'screenToGround', 'groundToScreen', 'computeObliqueFit', 'TILE_SIZ…
    148|     `let reinstallPlanGhost = () => {}; let withdrawPlanGhost = () => …
 ❯ move src/ui/room-template-world-bridge.ts:51:39
 ❯ paint src/ui/room-template-world-bridge.ts:153:32
 ❯ paint tests/unit/ui-template-held-dialog-transform.test.ts:157:69
 ❯ setup tests/unit/ui-template-held-dialog-transform.test.ts:158:89
 ❯ tests/unit/ui-template-held-dialog-transform.test.ts:232:21

⎯⎯⎯⎯⎯⎯⎯⎯⎯⎯⎯⎯⎯⎯⎯⎯⎯⎯⎯⎯⎯⎯[13/84]⎯

 FAIL  tests/unit/ui-template-held-dialog-transform.test.ts > world/cell-basic: unchanged public rotated selection permits the owning primary release
 FAIL  tests/unit/ui-template-held-dialog-transform.test.ts > world/canteen-basic: unchanged public rotated selection permits the owning primary release
 FAIL  tests/unit/ui-template-held-dialog-transform.test.ts > world/laundry-basic: unchanged public rotated selection permits the owning primary release
 FAIL  tests/unit/ui-template-held-dialog-transform.test.ts > oblique/cell-basic: unchanged public rotated selection permits the owning primary release
 FAIL  tests/unit/ui-template-held-dialog-transform.test.ts > oblique/canteen-basic: unchanged public rotated selection permits the owning primary release
 FAIL  tests/unit/ui-template-held-dialog-transform.test.ts > oblique/laundry-basic: unchanged public rotated selection permits the owning primary release
ReferenceError: renderFeed is not defined
 ❯ Object.worldRevision tests/unit/ui-template-held-dialog-transform.test.ts:146:16
    144|     : selector === '.hud__corner' ? box(0, 0, 350 * uiScale, 130 * uiS…
    145|     : selector === '.hud-strip' ? box(0, 0, 1920, 130 * uiScale) : und…
    146|   const main = new Function('worldScene', 'roomTemplateTool', 'appRoot…
       |                ^
    147|     'screenToGround', 'groundToScreen', 'computeObliqueFit', 'TILE_SIZ…
    148|     `let reinstallPlanGhost = () => {}; let withdrawPlanGhost = () => …
 ❯ move src/ui/room-template-world-bridge.ts:51:39
 ❯ paint src/ui/room-template-world-bridge.ts:153:32
 ❯ paint tests/unit/ui-template-held-dialog-transform.test.ts:157:69
 ❯ setup tests/unit/ui-template-held-dialog-transform.test.ts:158:89
 ❯ tests/unit/ui-template-held-dialog-transform.test.ts:250:21

⎯⎯⎯⎯⎯⎯⎯⎯⎯⎯⎯⎯⎯⎯⎯⎯⎯⎯⎯⎯⎯⎯[14/84]⎯

⎯⎯⎯⎯⎯⎯ Unhandled Errors ⎯⎯⎯⎯⎯⎯

Vitest caught 148 unhandled errors during the test run.
This might cause false positive tests. Resolve unhandled errors to make sure your tests are not affected.

⎯⎯⎯⎯⎯ Uncaught Exception ⎯⎯⎯⎯⎯
ReferenceError: renderFeed is not defined
 ❯ Object.worldRevision tests/unit/ui-template-chord-release.test.ts:128:16
    126|     : selector === '.hud__corner' ? box(0, 0, 350 * uiScale, 130 * uiS…
    127|     : selector === '.hud-strip' ? box(0, 0, 1920, 130 * uiScale) : und…
    128|   const main = new Function('worldScene', 'roomTemplateTool', 'appRoot…
       |                ^
    129|     'screenToGround', 'groundToScreen', 'computeObliqueFit', 'TILE_SIZ…
    130|     `let reinstallPlanGhost = () => {}; let withdrawPlanGhost = () => …
 ❯ move src/ui/room-template-world-bridge.ts:51:39
 ❯ capture src/ui/room-template-world-bridge.ts:84:5
 ❯ ElementStub.pointerMove src/ui/room-template-world-bridge.ts:95:5
 ❯ ElementStub.[nodejs.internal.kHybridDispatch] node:internal/event_target:856:20
 ❯ ElementStub.dispatchEvent node:internal/event_target:789:26
 ❯ dispatch tests/unit/ui-template-chord-release.test.ts:92:98
 ❯ setup tests/unit/ui-template-chord-release.test.ts:140:3
 ❯ tests/unit/ui-template-chord-release.test.ts:154:21
 ❯ ../../Rozw%C3%B3j%20gier/lockstate-1382-doc-anchor-2026-09-24/node_modules/.pnpm/@vitest+runner@4.1.11/node_modules/@vitest/runner/dist/chunk-artifact.js:302:11

This error originated in "tests/unit/ui-template-chord-release.test.ts" test file. It doesn't mean the error was thrown inside the file itself, but while it was running.

⎯⎯⎯⎯⎯ Uncaught Exception ⎯⎯⎯⎯⎯
ReferenceError: renderFeed is not defined
 ❯ Object.worldRevision tests/unit/ui-template-chord-release.test.ts:128:16
    126|     : selector === '.hud__corner' ? box(0, 0, 350 * uiScale, 130 * uiS…
    127|     : selector === '.hud-strip' ? box(0, 0, 1920, 130 * uiScale) : und…
    128|   const main = new Function('worldScene', 'roomTemplateTool', 'appRoot…
       |                ^
    129|     'screenToGround', 'groundToScreen', 'computeObliqueFit', 'TILE_SIZ…
    130|     `let reinstallPlanGhost = () => {}; let withdrawPlanGhost = () => …
 ❯ move src/ui/room-template-world-bridge.ts:51:39
 ❯ capture src/ui/room-template-world-bridge.ts:84:5
 ❯ ElementStub.pointerDown src/ui/room-template-world-bridge.ts:112:9
 ❯ ElementStub.[nodejs.internal.kHybridDispatch] node:internal/event_target:856:20
 ❯ ElementStub.dispatchEvent node:internal/event_target:789:26
 ❯ dispatch tests/unit/ui-template-chord-release.test.ts:92:98
 ❯ setup tests/unit/ui-template-chord-release.test.ts:140:43
 ❯ tests/unit/ui-template-chord-release.test.ts:154:21
 ❯ ../../Rozw%C3%B3j%20gier/lockstate-1382-doc-anchor-2026-09-24/node_modules/.pnpm/@vitest+runner@4.1.11/node_modules/@vitest/runner/dist/chunk-artifact.js:302:11

This error originated in "tests/unit/ui-template-chord-release.test.ts" test file. It doesn't mean the error was thrown inside the file itself, but while it was running.

⎯⎯⎯⎯⎯ Uncaught Exception ⎯⎯⎯⎯⎯
ReferenceError: renderFeed is not defined
 ❯ Object.worldRevision tests/unit/ui-template-chord-release.test.ts:128:16
    126|     : selector === '.hud__corner' ? box(0, 0, 350 * uiScale, 130 * uiS…
    127|     : selector === '.hud-strip' ? box(0, 0, 1920, 130 * uiScale) : und…
    128|   const main = new Function('worldScene', 'roomTemplateTool', 'appRoot…
       |                ^
    129|     'screenToGround', 'groundToScreen', 'computeObliqueFit', 'TILE_SIZ…
    130|     `let reinstallPlanGhost = () => {}; let withdrawPlanGhost = () => …
 ❯ move src/ui/room-template-world-bridge.ts:51:39
 ❯ capture src/ui/room-template-world-bridge.ts:84:5
 ❯ ElementStub.pointerMove src/ui/room-template-world-bridge.ts:95:5
 ❯ ElementStub.[nodejs.internal.kHybridDispatch] node:internal/event_target:856:20
 ❯ ElementStub.dispatchEvent node:internal/event_target:789:26
 ❯ dispatch tests/unit/ui-template-chord-release.test.ts:92:98
 ❯ setup tests/unit/ui-template-chord-release.test.ts:140:3
 ❯ tests/unit/ui-template-chord-release.test.ts:154:21
 ❯ ../../Rozw%C3%B3j%20gier/lockstate-1382-doc-anchor-2026-09-24/node_modules/.pnpm/@vitest+runner@4.1.11/node_modules/@vitest/runner/dist/chunk-artifact.js:302:11

This error originated in "tests/unit/ui-template-chord-release.test.ts" test file. It doesn't mean the error was thrown inside the file itself, but while it was running.

⎯⎯⎯⎯⎯ Uncaught Exception ⎯⎯⎯⎯⎯
ReferenceError: renderFeed is not defined
 ❯ Object.worldRevision tests/unit/ui-template-chord-release.test.ts:128:16
    126|     : selector === '.hud__corner' ? box(0, 0, 350 * uiScale, 130 * uiS…
    127|     : selector === '.hud-strip' ? box(0, 0, 1920, 130 * uiScale) : und…
    128|   const main = new Function('worldScene', 'roomTemplateTool', 'appRoot…
       |                ^
    129|     'screenToGround', 'groundToScreen', 'computeObliqueFit', 'TILE_SIZ…
    130|     `let reinstallPlanGhost = () => {}; let withdrawPlanGhost = () => …
 ❯ move src/ui/room-template-world-bridge.ts:51:39
 ❯ capture src/ui/room-template-world-bridge.ts:84:5
 ❯ ElementStub.pointerDown src/ui/room-template-world-bridge.ts:112:9
 ❯ ElementStub.[nodejs.internal.kHybridDispatch] node:internal/event_target:856:20
 ❯ ElementStub.dispatchEvent node:internal/event_target:789:26
 ❯ dispatch tests/unit/ui-template-chord-release.test.ts:92:98
 ❯ setup tests/unit/ui-template-chord-release.test.ts:140:43
 ❯ tests/unit/ui-template-chord-release.test.ts:154:21
 ❯ ../../Rozw%C3%B3j%20gier/lockstate-1382-doc-anchor-2026-09-24/node_modules/.pnpm/@vitest+runner@4.1.11/node_modules/@vitest/runner/dist/chunk-artifact.js:302:11

This error originated in "tests/unit/ui-template-chord-release.test.ts" test file. It doesn't mean the error was thrown inside the file itself, but while it was running.

⎯⎯⎯⎯⎯ Uncaught Exception ⎯⎯⎯⎯⎯
ReferenceError: renderFeed is not defined
 ❯ Object.worldRevision tests/unit/ui-template-chord-release.test.ts:128:16
    126|     : selector === '.hud__corner' ? box(0, 0, 350 * uiScale, 130 * uiS…
    127|     : selector === '.hud-strip' ? box(0, 0, 1920, 130 * uiScale) : und…
    128|   const main = new Function('worldScene', 'roomTemplateTool', 'appRoot…
       |                ^
    129|     'screenToGround', 'groundToScreen', 'computeObliqueFit', 'TILE_SIZ…
    130|     `let reinstallPlanGhost = () => {}; let withdrawPlanGhost = () => …
 ❯ move src/ui/room-template-world-bridge.ts:51:39
 ❯ capture src/ui/room-template-world-bridge.ts:84:5
 ❯ ElementStub.pointerMove src/ui/room-template-world-bridge.ts:95:5
 ❯ ElementStub.[nodejs.internal.kHybridDispatch] node:internal/event_target:856:20
 ❯ ElementStub.dispatchEvent node:internal/event_target:789:26
 ❯ dispatch tests/unit/ui-template-chord-release.test.ts:92:98
 ❯ setup tests/unit/ui-template-chord-release.test.ts:140:3
 ❯ tests/unit/ui-template-chord-release.test.ts:168:21
 ❯ ../../Rozw%C3%B3j%20gier/lockstate-1382-doc-anchor-2026-09-24/node_modules/.pnpm/@vitest+runner@4.1.11/node_modules/@vitest/runner/dist/chunk-artifact.js:302:11

This error originated in "tests/unit/ui-template-chord-release.test.ts" test file. It doesn't mean the error was thrown inside the file itself, but while it was running.

⎯⎯⎯⎯⎯ Uncaught Exception ⎯⎯⎯⎯⎯
ReferenceError: renderFeed is not defined
 ❯ Object.worldRevision tests/unit/ui-template-chord-release.test.ts:128:16
    126|     : selector === '.hud__corner' ? box(0, 0, 350 * uiScale, 130 * uiS…
    127|     : selector === '.hud-strip' ? box(0, 0, 1920, 130 * uiScale) : und…
    128|   const main = new Function('worldScene', 'roomTemplateTool', 'appRoot…
       |                ^
    129|     'screenToGround', 'groundToScreen', 'computeObliqueFit', 'TILE_SIZ…
    130|     `let reinstallPlanGhost = () => {}; let withdrawPlanGhost = () => …
 ❯ move src/ui/room-template-world-bridge.ts:51:39
 ❯ capture src/ui/room-template-world-bridge.ts:84:5
 ❯ ElementStub.pointerDown src/ui/room-template-world-bridge.ts:112:9
 ❯ ElementStub.[nodejs.internal.kHybridDispatch] node:internal/event_target:856:20
 ❯ ElementStub.dispatchEvent node:internal/event_target:789:26
 ❯ dispatch tests/unit/ui-template-chord-release.test.ts:92:98
 ❯ setup tests/unit/ui-template-chord-release.test.ts:140:43
 ❯ tests/unit/ui-template-chord-release.test.ts:168:21
 ❯ ../../Rozw%C3%B3j%20gier/lockstate-1382-doc-anchor-2026-09-24/node_modules/.pnpm/@vitest+runner@4.1.11/node_modules/@vitest/runner/dist/chunk-artifact.js:302:11

This error originated in "tests/unit/ui-template-chord-release.test.ts" test file. It doesn't mean the error was thrown inside the file itself, but while it was running.

⎯⎯⎯⎯⎯ Uncaught Exception ⎯⎯⎯⎯⎯
ReferenceError: renderFeed is not defined
 ❯ Object.worldRevision tests/unit/ui-template-chord-release.test.ts:128:16
    126|     : selector === '.hud__corner' ? box(0, 0, 350 * uiScale, 130 * uiS…
    127|     : selector === '.hud-strip' ? box(0, 0, 1920, 130 * uiScale) : und…
    128|   const main = new Function('worldScene', 'roomTemplateTool', 'appRoot…
       |                ^
    129|     'screenToGround', 'groundToScreen', 'computeObliqueFit', 'TILE_SIZ…
    130|     `let reinstallPlanGhost = () => {}; let withdrawPlanGhost = () => …
 ❯ move src/ui/room-template-world-bridge.ts:51:39
 ❯ capture src/ui/room-template-world-bridge.ts:84:5
 ❯ ElementStub.pointerMove src/ui/room-template-world-bridge.ts:95:5
 ❯ ElementStub.[nodejs.internal.kHybridDispatch] node:internal/event_target:856:20
 ❯ ElementStub.dispatchEvent node:internal/event_target:789:26
 ❯ dispatch tests/unit/ui-template-chord-release.test.ts:92:98
 ❯ setup tests/unit/ui-template-chord-release.test.ts:140:3
 ❯ tests/unit/ui-template-chord-release.test.ts:173:21
 ❯ ../../Rozw%C3%B3j%20gier/lockstate-1382-doc-anchor-2026-09-24/node_modules/.pnpm/@vitest+runner@4.1.11/node_modules/@vitest/runner/dist/chunk-artifact.js:302:11

This error originated in "tests/unit/ui-template-chord-release.test.ts" test file. It doesn't mean the error was thrown inside the file itself, but while it was running.

⎯⎯⎯⎯⎯ Uncaught Exception ⎯⎯⎯⎯⎯
ReferenceError: renderFeed is not defined
 ❯ Object.worldRevision tests/unit/ui-template-chord-release.test.ts:128:16
    126|     : selector === '.hud__corner' ? box(0, 0, 350 * uiScale, 130 * uiS…
    127|     : selector === '.hud-strip' ? box(0, 0, 1920, 130 * uiScale) : und…
    128|   const main = new Function('worldScene', 'roomTemplateTool', 'appRoot…
       |                ^
    129|     'screenToGround', 'groundToScreen', 'computeObliqueFit', 'TILE_SIZ…
    130|     `let reinstallPlanGhost = () => {}; let withdrawPlanGhost = () => …
 ❯ move src/ui/room-template-world-bridge.ts:51:39
 ❯ capture src/ui/room-template-world-bridge.ts:84:5
 ❯ ElementStub.pointerDown src/ui/room-template-world-bridge.ts:112:9
 ❯ ElementStub.[nodejs.internal.kHybridDispatch] node:internal/event_target:856:20
 ❯ ElementStub.dispatchEvent node:internal/event_target:789:26
 ❯ dispatch tests/unit/ui-template-chord-release.test.ts:92:98
 ❯ setup tests/unit/ui-template-chord-release.test.ts:140:43
 ❯ tests/unit/ui-template-chord-release.test.ts:173:21
 ❯ ../../Rozw%C3%B3j%20gier/lockstate-1382-doc-anchor-2026-09-24/node_modules/.pnpm/@vitest+runner@4.1.11/node_modules/@vitest/runner/dist/chunk-artifact.js:302:11

This error originated in "tests/unit/ui-template-chord-release.test.ts" test file. It doesn't mean the error was thrown inside the file itself, but while it was running.

⎯⎯⎯⎯⎯ Uncaught Exception ⎯⎯⎯⎯⎯
ReferenceError: renderFeed is not defined
 ❯ Object.worldRevision tests/unit/ui-template-chord-release.test.ts:128:16
    126|     : selector === '.hud__corner' ? box(0, 0, 350 * uiScale, 130 * uiS…
    127|     : selector === '.hud-strip' ? box(0, 0, 1920, 130 * uiScale) : und…
    128|   const main = new Function('worldScene', 'roomTemplateTool', 'appRoot…
       |                ^
    129|     'screenToGround', 'groundToScreen', 'computeObliqueFit', 'TILE_SIZ…
    130|     `let reinstallPlanGhost = () => {}; let withdrawPlanGhost = () => …
 ❯ move src/ui/room-template-world-bridge.ts:51:39
 ❯ capture src/ui/room-template-world-bridge.ts:84:5
 ❯ ElementStub.pointerMove src/ui/room-template-world-bridge.ts:95:5
 ❯ ElementStub.[nodejs.internal.kHybridDispatch] node:internal/event_target:856:20
 ❯ ElementStub.dispatchEvent node:internal/event_target:789:26
 ❯ dispatch tests/unit/ui-template-chord-release.test.ts:92:98
 ❯ setup tests/unit/ui-template-chord-release.test.ts:140:3
 ❯ tests/unit/ui-template-chord-release.test.ts:173:21
 ❯ ../../Rozw%C3%B3j%20gier/lockstate-1382-doc-anchor-2026-09-24/node_modules/.pnpm/@vitest+runner@4.1.11/node_modules/@vitest/runner/dist/chunk-artifact.js:302:11

This error originated in "tests/unit/ui-template-chord-release.test.ts" test file. It doesn't mean the error was thrown inside the file itself, but while it was running.

⎯⎯⎯⎯⎯ Uncaught Exception ⎯⎯⎯⎯⎯
ReferenceError: renderFeed is not defined
 ❯ Object.worldRevision tests/unit/ui-template-chord-release.test.ts:128:16
    126|     : selector === '.hud__corner' ? box(0, 0, 350 * uiScale, 130 * uiS…
    127|     : selector === '.hud-strip' ? box(0, 0, 1920, 130 * uiScale) : und…
    128|   const main = new Function('worldScene', 'roomTemplateTool', 'appRoot…
       |                ^
    129|     'screenToGround', 'groundToScreen', 'computeObliqueFit', 'TILE_SIZ…
    130|     `let reinstallPlanGhost = () => {}; let withdrawPlanGhost = () => …
 ❯ move src/ui/room-template-world-bridge.ts:51:39
 ❯ capture src/ui/room-template-world-bridge.ts:84:5
 ❯ ElementStub.pointerDown src/ui/room-template-world-bridge.ts:112:9
 ❯ ElementStub.[nodejs.internal.kHybridDispatch] node:internal/event_target:856:20
 ❯ ElementStub.dispatchEvent node:internal/event_target:789:26
 ❯ dispatch tests/unit/ui-template-chord-release.test.ts:92:98
 ❯ setup tests/unit/ui-template-chord-release.test.ts:140:43
 ❯ tests/unit/ui-template-chord-release.test.ts:173:21
 ❯ ../../Rozw%C3%B3j%20gier/lockstate-1382-doc-anchor-2026-09-24/node_modules/.pnpm/@vitest+runner@4.1.11/node_modules/@vitest/runner/dist/chunk-artifact.js:302:11

This error originated in "tests/unit/ui-template-chord-release.test.ts" test file. It doesn't mean the error was thrown inside the file itself, but while it was running.

⎯⎯⎯⎯⎯ Uncaught Exception ⎯⎯⎯⎯⎯
ReferenceError: renderFeed is not defined
 ❯ Object.worldRevision tests/unit/ui-template-chord-release.test.ts:128:16
    126|     : selector === '.hud__corner' ? box(0, 0, 350 * uiScale, 130 * uiS…
    127|     : selector === '.hud-strip' ? box(0, 0, 1920, 130 * uiScale) : und…
    128|   const main = new Function('worldScene', 'roomTemplateTool', 'appRoot…
       |                ^
    129|     'screenToGround', 'groundToScreen', 'computeObliqueFit', 'TILE_SIZ…
    130|     `let reinstallPlanGhost = () => {}; let withdrawPlanGhost = () => …
 ❯ move src/ui/room-template-world-bridge.ts:51:39
 ❯ capture src/ui/room-template-world-bridge.ts:84:5
 ❯ ElementStub.pointerMove src/ui/room-template-world-bridge.ts:95:5
 ❯ ElementStub.[nodejs.internal.kHybridDispatch] node:internal/event_target:856:20
 ❯ ElementStub.dispatchEvent node:internal/event_target:789:26
 ❯ dispatch tests/unit/ui-template-chord-release.test.ts:92:98
 ❯ setup tests/unit/ui-template-chord-release.test.ts:140:3
 ❯ tests/unit/ui-template-chord-release.test.ts:182:21
 ❯ ../../Rozw%C3%B3j%20gier/lockstate-1382-doc-anchor-2026-09-24/node_modules/.pnpm/@vitest+runner@4.1.11/node_modules/@vitest/runner/dist/chunk-artifact.js:302:11

This error originated in "tests/unit/ui-template-chord-release.test.ts" test file. It doesn't mean the error was thrown inside the file itself, but while it was running.

⎯⎯⎯⎯⎯ Uncaught Exception ⎯⎯⎯⎯⎯
ReferenceError: renderFeed is not defined
 ❯ Object.worldRevision tests/unit/ui-template-chord-release.test.ts:128:16
    126|     : selector === '.hud__corner' ? box(0, 0, 350 * uiScale, 130 * uiS…
    127|     : selector === '.hud-strip' ? box(0, 0, 1920, 130 * uiScale) : und…
    128|   const main = new Function('worldScene', 'roomTemplateTool', 'appRoot…
       |                ^
    129|     'screenToGround', 'groundToScreen', 'computeObliqueFit', 'TILE_SIZ…
    130|     `let reinstallPlanGhost = () => {}; let withdrawPlanGhost = () => …
 ❯ move src/ui/room-template-world-bridge.ts:51:39
 ❯ capture src/ui/room-template-world-bridge.ts:84:5
 ❯ ElementStub.pointerDown src/ui/room-template-world-bridge.ts:112:9
 ❯ ElementStub.[nodejs.internal.kHybridDispatch] node:internal/event_target:856:20
 ❯ ElementStub.dispatchEvent node:internal/event_target:789:26
 ❯ dispatch tests/unit/ui-template-chord-release.test.ts:92:98
 ❯ setup tests/unit/ui-template-chord-release.test.ts:140:43
 ❯ tests/unit/ui-template-chord-release.test.ts:182:21
 ❯ ../../Rozw%C3%B3j%20gier/lockstate-1382-doc-anchor-2026-09-24/node_modules/.pnpm/@vitest+runner@4.1.11/node_modules/@vitest/runner/dist/chunk-artifact.js:302:11

This error originated in "tests/unit/ui-template-chord-release.test.ts" test file. It doesn't mean the error was thrown inside the file itself, but while it was running.

⎯⎯⎯⎯⎯ Uncaught Exception ⎯⎯⎯⎯⎯
ReferenceError: renderFeed is not defined
 ❯ Object.worldRevision tests/unit/ui-template-chord-release.test.ts:128:16
    126|     : selector === '.hud__corner' ? box(0, 0, 350 * uiScale, 130 * uiS…
    127|     : selector === '.hud-strip' ? box(0, 0, 1920, 130 * uiScale) : und…
    128|   const main = new Function('worldScene', 'roomTemplateTool', 'appRoot…
       |                ^
    129|     'screenToGround', 'groundToScreen', 'computeObliqueFit', 'TILE_SIZ…
    130|     `let reinstallPlanGhost = () => {}; let withdrawPlanGhost = () => …
 ❯ move src/ui/room-template-world-bridge.ts:51:39
 ❯ capture src/ui/room-template-world-bridge.ts:84:5
 ❯ ElementStub.pointerMove src/ui/room-template-world-bridge.ts:95:5
 ❯ ElementStub.[nodejs.internal.kHybridDispatch] node:internal/event_target:856:20
 ❯ ElementStub.dispatchEvent node:internal/event_target:789:26
 ❯ dispatch tests/unit/ui-template-chord-release.test.ts:92:98
 ❯ setup tests/unit/ui-template-chord-release.test.ts:140:3
 ❯ tests/unit/ui-template-chord-release.test.ts:154:21
 ❯ ../../Rozw%C3%B3j%20gier/lockstate-1382-doc-anchor-2026-09-24/node_modules/.pnpm/@vitest+runner@4.1.11/node_modules/@vitest/runner/dist/chunk-artifact.js:302:11

This error originated in "tests/unit/ui-template-chord-release.test.ts" test file. It doesn't mean the error was thrown inside the file itself, but while it was running.

⎯⎯⎯⎯⎯ Uncaught Exception ⎯⎯⎯⎯⎯
ReferenceError: renderFeed is not defined
 ❯ Object.worldRevision tests/unit/ui-template-chord-release.test.ts:128:16
    126|     : selector === '.hud__corner' ? box(0, 0, 350 * uiScale, 130 * uiS…
    127|     : selector === '.hud-strip' ? box(0, 0, 1920, 130 * uiScale) : und…
    128|   const main = new Function('worldScene', 'roomTemplateTool', 'appRoot…
       |                ^
    129|     'screenToGround', 'groundToScreen', 'computeObliqueFit', 'TILE_SIZ…
    130|     `let reinstallPlanGhost = () => {}; let withdrawPlanGhost = () => …
 ❯ move src/ui/room-template-world-bridge.ts:51:39
 ❯ capture src/ui/room-template-world-bridge.ts:84:5
 ❯ ElementStub.pointerDown src/ui/room-template-world-bridge.ts:112:9
 ❯ ElementStub.[nodejs.internal.kHybridDispatch] node:internal/event_target:856:20
 ❯ ElementStub.dispatchEvent node:internal/event_target:789:26
 ❯ dispatch tests/unit/ui-template-chord-release.test.ts:92:98
 ❯ setup tests/unit/ui-template-chord-release.test.ts:140:43
 ❯ tests/unit/ui-template-chord-release.test.ts:154:21
 ❯ ../../Rozw%C3%B3j%20gier/lockstate-1382-doc-anchor-2026-09-24/node_modules/.pnpm/@vitest+runner@4.1.11/node_modules/@vitest/runner/dist/chunk-artifact.js:302:11

This error originated in "tests/unit/ui-template-chord-release.test.ts" test file. It doesn't mean the error was thrown inside the file itself, but while it was running.

⎯⎯⎯⎯⎯ Uncaught Exception ⎯⎯⎯⎯⎯
ReferenceError: renderFeed is not defined
 ❯ Object.worldRevision tests/unit/ui-template-chord-release.test.ts:128:16
    126|     : selector === '.hud__corner' ? box(0, 0, 350 * uiScale, 130 * uiS…
    127|     : selector === '.hud-strip' ? box(0, 0, 1920, 130 * uiScale) : und…
    128|   const main = new Function('worldScene', 'roomTemplateTool', 'appRoot…
       |                ^
    129|     'screenToGround', 'groundToScreen', 'computeObliqueFit', 'TILE_SIZ…
    130|     `let reinstallPlanGhost = () => {}; let withdrawPlanGhost = () => …
 ❯ move src/ui/room-template-world-bridge.ts:51:39
 ❯ capture src/ui/room-template-world-bridge.ts:84:5
 ❯ ElementStub.pointerMove src/ui/room-template-world-bridge.ts:95:5
 ❯ ElementStub.[nodejs.internal.kHybridDispatch] node:internal/event_target:856:20
 ❯ ElementStub.dispatchEvent node:internal/event_target:789:26
 ❯ dispatch tests/unit/ui-template-chord-release.test.ts:92:98
 ❯ setup tests/unit/ui-template-chord-release.test.ts:140:3
 ❯ tests/unit/ui-template-chord-release.test.ts:154:21
 ❯ ../../Rozw%C3%B3j%20gier/lockstate-1382-doc-anchor-2026-09-24/node_modules/.pnpm/@vitest+runner@4.1.11/node_modules/@vitest/runner/dist/chunk-artifact.js:302:11

This error originated in "tests/unit/ui-template-chord-release.test.ts" test file. It doesn't mean the error was thrown inside the file itself, but while it was running.

⎯⎯⎯⎯⎯ Uncaught Exception ⎯⎯⎯⎯⎯
ReferenceError: renderFeed is not defined
 ❯ Object.worldRevision tests/unit/ui-template-chord-release.test.ts:128:16
    126|     : selector === '.hud__corner' ? box(0, 0, 350 * uiScale, 130 * uiS…
    127|     : selector === '.hud-strip' ? box(0, 0, 1920, 130 * uiScale) : und…
    128|   const main = new Function('worldScene', 'roomTemplateTool', 'appRoot…
       |                ^
    129|     'screenToGround', 'groundToScreen', 'computeObliqueFit', 'TILE_SIZ…
    130|     `let reinstallPlanGhost = () => {}; let withdrawPlanGhost = () => …
 ❯ move src/ui/room-template-world-bridge.ts:51:39
 ❯ capture src/ui/room-template-world-bridge.ts:84:5
 ❯ ElementStub.pointerDown src/ui/room-template-world-bridge.ts:112:9
 ❯ ElementStub.[nodejs.internal.kHybridDispatch] node:internal/event_target:856:20
 ❯ ElementStub.dispatchEvent node:internal/event_target:789:26
 ❯ dispatch tests/unit/ui-template-chord-release.test.ts:92:98
 ❯ setup tests/unit/ui-template-chord-release.test.ts:140:43
 ❯ tests/unit/ui-template-chord-release.test.ts:154:21
 ❯ ../../Rozw%C3%B3j%20gier/lockstate-1382-doc-anchor-2026-09-24/node_modules/.pnpm/@vitest+runner@4.1.11/node_modules/@vitest/runner/dist/chunk-artifact.js:302:11

This error originated in "tests/unit/ui-template-chord-release.test.ts" test file. It doesn't mean the error was thrown inside the file itself, but while it was running.

⎯⎯⎯⎯⎯ Uncaught Exception ⎯⎯⎯⎯⎯
ReferenceError: renderFeed is not defined
 ❯ Object.worldRevision tests/unit/ui-template-chord-release.test.ts:128:16
    126|     : selector === '.hud__corner' ? box(0, 0, 350 * uiScale, 130 * uiS…
    127|     : selector === '.hud-strip' ? box(0, 0, 1920, 130 * uiScale) : und…
    128|   const main = new Function('worldScene', 'roomTemplateTool', 'appRoot…
       |                ^
    129|     'screenToGround', 'groundToScreen', 'computeObliqueFit', 'TILE_SIZ…
    130|     `let reinstallPlanGhost = () => {}; let withdrawPlanGhost = () => …
 ❯ move src/ui/room-template-world-bridge.ts:51:39
 ❯ capture src/ui/room-template-world-bridge.ts:84:5
 ❯ ElementStub.pointerMove src/ui/room-template-world-bridge.ts:95:5
 ❯ ElementStub.[nodejs.internal.kHybridDispatch] node:internal/event_target:856:20
 ❯ ElementStub.dispatchEvent node:internal/event_target:789:26
 ❯ dispatch tests/unit/ui-template-chord-release.test.ts:92:98
 ❯ setup tests/unit/ui-template-chord-release.test.ts:140:3
 ❯ tests/unit/ui-template-chord-release.test.ts:168:21
 ❯ ../../Rozw%C3%B3j%20gier/lockstate-1382-doc-anchor-2026-09-24/node_modules/.pnpm/@vitest+runner@4.1.11/node_modules/@vitest/runner/dist/chunk-artifact.js:302:11

This error originated in "tests/unit/ui-template-chord-release.test.ts" test file. It doesn't mean the error was thrown inside the file itself, but while it was running.

⎯⎯⎯⎯⎯ Uncaught Exception ⎯⎯⎯⎯⎯
ReferenceError: renderFeed is not defined
 ❯ Object.worldRevision tests/unit/ui-template-chord-release.test.ts:128:16
    126|     : selector === '.hud__corner' ? box(0, 0, 350 * uiScale, 130 * uiS…
    127|     : selector === '.hud-strip' ? box(0, 0, 1920, 130 * uiScale) : und…
    128|   const main = new Function('worldScene', 'roomTemplateTool', 'appRoot…
       |                ^
    129|     'screenToGround', 'groundToScreen', 'computeObliqueFit', 'TILE_SIZ…
    130|     `let reinstallPlanGhost = () => {}; let withdrawPlanGhost = () => …
 ❯ move src/ui/room-template-world-bridge.ts:51:39
 ❯ capture src/ui/room-template-world-bridge.ts:84:5
 ❯ ElementStub.pointerDown src/ui/room-template-world-bridge.ts:112:9
 ❯ ElementStub.[nodejs.internal.kHybridDispatch] node:internal/event_target:856:20
 ❯ ElementStub.dispatchEvent node:internal/event_target:789:26
 ❯ dispatch tests/unit/ui-template-chord-release.test.ts:92:98
 ❯ setup tests/unit/ui-template-chord-release.test.ts:140:43
 ❯ tests/unit/ui-template-chord-release.test.ts:168:21
 ❯ ../../Rozw%C3%B3j%20gier/lockstate-1382-doc-anchor-2026-09-24/node_modules/.pnpm/@vitest+runner@4.1.11/node_modules/@vitest/runner/dist/chunk-artifact.js:302:11

This error originated in "tests/unit/ui-template-chord-release.test.ts" test file. It doesn't mean the error was thrown inside the file itself, but while it was running.

⎯⎯⎯⎯⎯ Uncaught Exception ⎯⎯⎯⎯⎯
ReferenceError: renderFeed is not defined
 ❯ Object.worldRevision tests/unit/ui-template-chord-release.test.ts:128:16
    126|     : selector === '.hud__corner' ? box(0, 0, 350 * uiScale, 130 * uiS…
    127|     : selector === '.hud-strip' ? box(0, 0, 1920, 130 * uiScale) : und…
    128|   const main = new Function('worldScene', 'roomTemplateTool', 'appRoot…
       |                ^
    129|     'screenToGround', 'groundToScreen', 'computeObliqueFit', 'TILE_SIZ…
    130|     `let reinstallPlanGhost = () => {}; let withdrawPlanGhost = () => …
 ❯ move src/ui/room-template-world-bridge.ts:51:39
 ❯ capture src/ui/room-template-world-bridge.ts:84:5
 ❯ ElementStub.pointerMove src/ui/room-template-world-bridge.ts:95:5
 ❯ ElementStub.[nodejs.internal.kHybridDispatch] node:internal/event_target:856:20
 ❯ ElementStub.dispatchEvent node:internal/event_target:789:26
 ❯ dispatch tests/unit/ui-template-chord-release.test.ts:92:98
 ❯ setup tests/unit/ui-template-chord-release.test.ts:140:3
 ❯ tests/unit/ui-template-chord-release.test.ts:173:21
 ❯ ../../Rozw%C3%B3j%20gier/lockstate-1382-doc-anchor-2026-09-24/node_modules/.pnpm/@vitest+runner@4.1.11/node_modules/@vitest/runner/dist/chunk-artifact.js:302:11

This error originated in "tests/unit/ui-template-chord-release.test.ts" test file. It doesn't mean the error was thrown inside the file itself, but while it was running.

⎯⎯⎯⎯⎯ Uncaught Exception ⎯⎯⎯⎯⎯
ReferenceError: renderFeed is not defined
 ❯ Object.worldRevision tests/unit/ui-template-chord-release.test.ts:128:16
    126|     : selector === '.hud__corner' ? box(0, 0, 350 * uiScale, 130 * uiS…
    127|     : selector === '.hud-strip' ? box(0, 0, 1920, 130 * uiScale) : und…
    128|   const main = new Function('worldScene', 'roomTemplateTool', 'appRoot…
       |                ^
    129|     'screenToGround', 'groundToScreen', 'computeObliqueFit', 'TILE_SIZ…
    130|     `let reinstallPlanGhost = () => {}; let withdrawPlanGhost = () => …
 ❯ move src/ui/room-template-world-bridge.ts:51:39
 ❯ capture src/ui/room-template-world-bridge.ts:84:5
 ❯ ElementStub.pointerDown src/ui/room-template-world-bridge.ts:112:9
 ❯ ElementStub.[nodejs.internal.kHybridDispatch] node:internal/event_target:856:20
 ❯ ElementStub.dispatchEvent node:internal/event_target:789:26
 ❯ dispatch tests/unit/ui-template-chord-release.test.ts:92:98
 ❯ setup tests/unit/ui-template-chord-release.test.ts:140:43
 ❯ tests/unit/ui-template-chord-release.test.ts:173:21
 ❯ ../../Rozw%C3%B3j%20gier/lockstate-1382-doc-anchor-2026-09-24/node_modules/.pnpm/@vitest+runner@4.1.11/node_modules/@vitest/runner/dist/chunk-artifact.js:302:11

This error originated in "tests/unit/ui-template-chord-release.test.ts" test file. It doesn't mean the error was thrown inside the file itself, but while it was running.

⎯⎯⎯⎯⎯ Uncaught Exception ⎯⎯⎯⎯⎯
ReferenceError: renderFeed is not defined
 ❯ Object.worldRevision tests/unit/ui-template-chord-release.test.ts:128:16
    126|     : selector === '.hud__corner' ? box(0, 0, 350 * uiScale, 130 * uiS…
    127|     : selector === '.hud-strip' ? box(0, 0, 1920, 130 * uiScale) : und…
    128|   const main = new Function('worldScene', 'roomTemplateTool', 'appRoot…
       |                ^
    129|     'screenToGround', 'groundToScreen', 'computeObliqueFit', 'TILE_SIZ…
    130|     `let reinstallPlanGhost = () => {}; let withdrawPlanGhost = () => …
 ❯ move src/ui/room-template-world-bridge.ts:51:39
 ❯ capture src/ui/room-template-world-bridge.ts:84:5
 ❯ ElementStub.pointerMove src/ui/room-template-world-bridge.ts:95:5
 ❯ ElementStub.[nodejs.internal.kHybridDispatch] node:internal/event_target:856:20
 ❯ ElementStub.dispatchEvent node:internal/event_target:789:26
 ❯ dispatch tests/unit/ui-template-chord-release.test.ts:92:98
 ❯ setup tests/unit/ui-template-chord-release.test.ts:140:3
 ❯ tests/unit/ui-template-chord-release.test.ts:173:21
 ❯ ../../Rozw%C3%B3j%20gier/lockstate-1382-doc-anchor-2026-09-24/node_modules/.pnpm/@vitest+runner@4.1.11/node_modules/@vitest/runner/dist/chunk-artifact.js:302:11

This error originated in "tests/unit/ui-template-chord-release.test.ts" test file. It doesn't mean the error was thrown inside the file itself, but while it was running.

⎯⎯⎯⎯⎯ Uncaught Exception ⎯⎯⎯⎯⎯
ReferenceError: renderFeed is not defined
 ❯ Object.worldRevision tests/unit/ui-template-chord-release.test.ts:128:16
    126|     : selector === '.hud__corner' ? box(0, 0, 350 * uiScale, 130 * uiS…
    127|     : selector === '.hud-strip' ? box(0, 0, 1920, 130 * uiScale) : und…
    128|   const main = new Function('worldScene', 'roomTemplateTool', 'appRoot…
       |                ^
    129|     'screenToGround', 'groundToScreen', 'computeObliqueFit', 'TILE_SIZ…
    130|     `let reinstallPlanGhost = () => {}; let withdrawPlanGhost = () => …
 ❯ move src/ui/room-template-world-bridge.ts:51:39
 ❯ capture src/ui/room-template-world-bridge.ts:84:5
 ❯ ElementStub.pointerDown src/ui/room-template-world-bridge.ts:112:9
 ❯ ElementStub.[nodejs.internal.kHybridDispatch] node:internal/event_target:856:20
 ❯ ElementStub.dispatchEvent node:internal/event_target:789:26
 ❯ dispatch tests/unit/ui-template-chord-release.test.ts:92:98
 ❯ setup tests/unit/ui-template-chord-release.test.ts:140:43
 ❯ tests/unit/ui-template-chord-release.test.ts:173:21
 ❯ ../../Rozw%C3%B3j%20gier/lockstate-1382-doc-anchor-2026-09-24/node_modules/.pnpm/@vitest+runner@4.1.11/node_modules/@vitest/runner/dist/chunk-artifact.js:302:11

This error originated in "tests/unit/ui-template-chord-release.test.ts" test file. It doesn't mean the error was thrown inside the file itself, but while it was running.

⎯⎯⎯⎯⎯ Uncaught Exception ⎯⎯⎯⎯⎯
ReferenceError: renderFeed is not defined
 ❯ Object.worldRevision tests/unit/ui-template-chord-release.test.ts:128:16
    126|     : selector === '.hud__corner' ? box(0, 0, 350 * uiScale, 130 * uiS…
    127|     : selector === '.hud-strip' ? box(0, 0, 1920, 130 * uiScale) : und…
    128|   const main = new Function('worldScene', 'roomTemplateTool', 'appRoot…
       |                ^
    129|     'screenToGround', 'groundToScreen', 'computeObliqueFit', 'TILE_SIZ…
    130|     `let reinstallPlanGhost = () => {}; let withdrawPlanGhost = () => …
 ❯ move src/ui/room-template-world-bridge.ts:51:39
 ❯ capture src/ui/room-template-world-bridge.ts:84:5
 ❯ ElementStub.pointerMove src/ui/room-template-world-bridge.ts:95:5
 ❯ ElementStub.[nodejs.internal.kHybridDispatch] node:internal/event_target:856:20
 ❯ ElementStub.dispatchEvent node:internal/event_target:789:26
 ❯ dispatch tests/unit/ui-template-chord-release.test.ts:92:98
 ❯ setup tests/unit/ui-template-chord-release.test.ts:140:3
 ❯ tests/unit/ui-template-chord-release.test.ts:182:21
 ❯ ../../Rozw%C3%B3j%20gier/lockstate-1382-doc-anchor-2026-09-24/node_modules/.pnpm/@vitest+runner@4.1.11/node_modules/@vitest/runner/dist/chunk-artifact.js:302:11

This error originated in "tests/unit/ui-template-chord-release.test.ts" test file. It doesn't mean the error was thrown inside the file itself, but while it was running.

⎯⎯⎯⎯⎯ Uncaught Exception ⎯⎯⎯⎯⎯
ReferenceError: renderFeed is not defined
 ❯ Object.worldRevision tests/unit/ui-template-chord-release.test.ts:128:16
    126|     : selector === '.hud__corner' ? box(0, 0, 350 * uiScale, 130 * uiS…
    127|     : selector === '.hud-strip' ? box(0, 0, 1920, 130 * uiScale) : und…
    128|   const main = new Function('worldScene', 'roomTemplateTool', 'appRoot…
       |                ^
    129|     'screenToGround', 'groundToScreen', 'computeObliqueFit', 'TILE_SIZ…
    130|     `let reinstallPlanGhost = () => {}; let withdrawPlanGhost = () => …
 ❯ move src/ui/room-template-world-bridge.ts:51:39
 ❯ capture src/ui/room-template-world-bridge.ts:84:5
 ❯ ElementStub.pointerDown src/ui/room-template-world-bridge.ts:112:9
 ❯ ElementStub.[nodejs.internal.kHybridDispatch] node:internal/event_target:856:20
 ❯ ElementStub.dispatchEvent node:internal/event_target:789:26
 ❯ dispatch tests/unit/ui-template-chord-release.test.ts:92:98
 ❯ setup tests/unit/ui-template-chord-release.test.ts:140:43
 ❯ tests/unit/ui-template-chord-release.test.ts:182:21
 ❯ ../../Rozw%C3%B3j%20gier/lockstate-1382-doc-anchor-2026-09-24/node_modules/.pnpm/@vitest+runner@4.1.11/node_modules/@vitest/runner/dist/chunk-artifact.js:302:11

This error originated in "tests/unit/ui-template-chord-release.test.ts" test file. It doesn't mean the error was thrown inside the file itself, but while it was running.

⎯⎯⎯⎯⎯ Uncaught Exception ⎯⎯⎯⎯⎯
ReferenceError: renderFeed is not defined
 ❯ Object.worldRevision tests/unit/ui-template-chord-release.test.ts:128:16
    126|     : selector === '.hud__corner' ? box(0, 0, 350 * uiScale, 130 * uiS…
    127|     : selector === '.hud-strip' ? box(0, 0, 1920, 130 * uiScale) : und…
    128|   const main = new Function('worldScene', 'roomTemplateTool', 'appRoot…
       |                ^
    129|     'screenToGround', 'groundToScreen', 'computeObliqueFit', 'TILE_SIZ…
    130|     `let reinstallPlanGhost = () => {}; let withdrawPlanGhost = () => …
 ❯ move src/ui/room-template-world-bridge.ts:51:39
 ❯ capture src/ui/room-template-world-bridge.ts:84:5
 ❯ ElementStub.pointerMove src/ui/room-template-world-bridge.ts:95:5
 ❯ ElementStub.[nodejs.internal.kHybridDispatch] node:internal/event_target:856:20
 ❯ ElementStub.dispatchEvent node:internal/event_target:789:26
 ❯ dispatch tests/unit/ui-template-chord-release.test.ts:92:98
 ❯ setup tests/unit/ui-template-chord-release.test.ts:140:3
 ❯ tests/unit/ui-template-chord-release.test.ts:154:21
 ❯ ../../Rozw%C3%B3j%20gier/lockstate-1382-doc-anchor-2026-09-24/node_modules/.pnpm/@vitest+runner@4.1.11/node_modules/@vitest/runner/dist/chunk-artifact.js:302:11

This error originated in "tests/unit/ui-template-chord-release.test.ts" test file. It doesn't mean the error was thrown inside the file itself, but while it was running.

⎯⎯⎯⎯⎯ Uncaught Exception ⎯⎯⎯⎯⎯
ReferenceError: renderFeed is not defined
 ❯ Object.worldRevision tests/unit/ui-template-chord-release.test.ts:128:16
    126|     : selector === '.hud__corner' ? box(0, 0, 350 * uiScale, 130 * uiS…
    127|     : selector === '.hud-strip' ? box(0, 0, 1920, 130 * uiScale) : und…
    128|   const main = new Function('worldScene', 'roomTemplateTool', 'appRoot…
       |                ^
    129|     'screenToGround', 'groundToScreen', 'computeObliqueFit', 'TILE_SIZ…
    130|     `let reinstallPlanGhost = () => {}; let withdrawPlanGhost = () => …
 ❯ move src/ui/room-template-world-bridge.ts:51:39
 ❯ capture src/ui/room-template-world-bridge.ts:84:5
 ❯ ElementStub.pointerDown src/ui/room-template-world-bridge.ts:112:9
 ❯ ElementStub.[nodejs.internal.kHybridDispatch] node:internal/event_target:856:20
 ❯ ElementStub.dispatchEvent node:internal/event_target:789:26
 ❯ dispatch tests/unit/ui-template-chord-release.test.ts:92:98
 ❯ setup tests/unit/ui-template-chord-release.test.ts:140:43
 ❯ tests/unit/ui-template-chord-release.test.ts:154:21
 ❯ ../../Rozw%C3%B3j%20gier/lockstate-1382-doc-anchor-2026-09-24/node_modules/.pnpm/@vitest+runner@4.1.11/node_modules/@vitest/runner/dist/chunk-artifact.js:302:11

This error originated in "tests/unit/ui-template-chord-release.test.ts" test file. It doesn't mean the error was thrown inside the file itself, but while it was running.

⎯⎯⎯⎯⎯ Uncaught Exception ⎯⎯⎯⎯⎯
ReferenceError: renderFeed is not defined
 ❯ Object.worldRevision tests/unit/ui-template-chord-release.test.ts:128:16
    126|     : selector === '.hud__corner' ? box(0, 0, 350 * uiScale, 130 * uiS…
    127|     : selector === '.hud-strip' ? box(0, 0, 1920, 130 * uiScale) : und…
    128|   const main = new Function('worldScene', 'roomTemplateTool', 'appRoot…
       |                ^
    129|     'screenToGround', 'groundToScreen', 'computeObliqueFit', 'TILE_SIZ…
    130|     `let reinstallPlanGhost = () => {}; let withdrawPlanGhost = () => …
 ❯ move src/ui/room-template-world-bridge.ts:51:39
 ❯ capture src/ui/room-template-world-bridge.ts:84:5
 ❯ ElementStub.pointerMove src/ui/room-template-world-bridge.ts:95:5
 ❯ ElementStub.[nodejs.internal.kHybridDispatch] node:internal/event_target:856:20
 ❯ ElementStub.dispatchEvent node:internal/event_target:789:26
 ❯ dispatch tests/unit/ui-template-chord-release.test.ts:92:98
 ❯ setup tests/unit/ui-template-chord-release.test.ts:140:3
 ❯ tests/unit/ui-template-chord-release.test.ts:154:21
 ❯ ../../Rozw%C3%B3j%20gier/lockstate-1382-doc-anchor-2026-09-24/node_modules/.pnpm/@vitest+runner@4.1.11/node_modules/@vitest/runner/dist/chunk-artifact.js:302:11

This error originated in "tests/unit/ui-template-chord-release.test.ts" test file. It doesn't mean the error was thrown inside the file itself, but while it was running.

⎯⎯⎯⎯⎯ Uncaught Exception ⎯⎯⎯⎯⎯
ReferenceError: renderFeed is not defined
 ❯ Object.worldRevision tests/unit/ui-template-chord-release.test.ts:128:16
    126|     : selector === '.hud__corner' ? box(0, 0, 350 * uiScale, 130 * uiS…
    127|     : selector === '.hud-strip' ? box(0, 0, 1920, 130 * uiScale) : und…
    128|   const main = new Function('worldScene', 'roomTemplateTool', 'appRoot…
       |                ^
    129|     'screenToGround', 'groundToScreen', 'computeObliqueFit', 'TILE_SIZ…
    130|     `let reinstallPlanGhost = () => {}; let withdrawPlanGhost = () => …
 ❯ move src/ui/room-template-world-bridge.ts:51:39
 ❯ capture src/ui/room-template-world-bridge.ts:84:5
 ❯ ElementStub.pointerDown src/ui/room-template-world-bridge.ts:112:9
 ❯ ElementStub.[nodejs.internal.kHybridDispatch] node:internal/event_target:856:20
 ❯ ElementStub.dispatchEvent node:internal/event_target:789:26
 ❯ dispatch tests/unit/ui-template-chord-release.test.ts:92:98
 ❯ setup tests/unit/ui-template-chord-release.test.ts:140:43
 ❯ tests/unit/ui-template-chord-release.test.ts:154:21
 ❯ ../../Rozw%C3%B3j%20gier/lockstate-1382-doc-anchor-2026-09-24/node_modules/.pnpm/@vitest+runner@4.1.11/node_modules/@vitest/runner/dist/chunk-artifact.js:302:11

This error originated in "tests/unit/ui-template-chord-release.test.ts" test file. It doesn't mean the error was thrown inside the file itself, but while it was running.

⎯⎯⎯⎯⎯ Uncaught Exception ⎯⎯⎯⎯⎯
ReferenceError: renderFeed is not defined
 ❯ Object.worldRevision tests/unit/ui-template-chord-release.test.ts:128:16
    126|     : selector === '.hud__corner' ? box(0, 0, 350 * uiScale, 130 * uiS…
    127|     : selector === '.hud-strip' ? box(0, 0, 1920, 130 * uiScale) : und…
    128|   const main = new Function('worldScene', 'roomTemplateTool', 'appRoot…
       |                ^
    129|     'screenToGround', 'groundToScreen', 'computeObliqueFit', 'TILE_SIZ…
    130|     `let reinstallPlanGhost = () => {}; let withdrawPlanGhost = () => …
 ❯ move src/ui/room-template-world-bridge.ts:51:39
 ❯ capture src/ui/room-template-world-bridge.ts:84:5
 ❯ ElementStub.pointerMove src/ui/room-template-world-bridge.ts:95:5
 ❯ ElementStub.[nodejs.internal.kHybridDispatch] node:internal/event_target:856:20
 ❯ ElementStub.dispatchEvent node:internal/event_target:789:26
 ❯ dispatch tests/unit/ui-template-chord-release.test.ts:92:98
 ❯ setup tests/unit/ui-template-chord-release.test.ts:140:3
 ❯ tests/unit/ui-template-chord-release.test.ts:168:21
 ❯ ../../Rozw%C3%B3j%20gier/lockstate-1382-doc-anchor-2026-09-24/node_modules/.pnpm/@vitest+runner@4.1.11/node_modules/@vitest/runner/dist/chunk-artifact.js:302:11

This error originated in "tests/unit/ui-template-chord-release.test.ts" test file. It doesn't mean the error was thrown inside the file itself, but while it was running.

⎯⎯⎯⎯⎯ Uncaught Exception ⎯⎯⎯⎯⎯
ReferenceError: renderFeed is not defined
 ❯ Object.worldRevision tests/unit/ui-template-chord-release.test.ts:128:16
    126|     : selector === '.hud__corner' ? box(0, 0, 350 * uiScale, 130 * uiS…
    127|     : selector === '.hud-strip' ? box(0, 0, 1920, 130 * uiScale) : und…
    128|   const main = new Function('worldScene', 'roomTemplateTool', 'appRoot…
       |                ^
    129|     'screenToGround', 'groundToScreen', 'computeObliqueFit', 'TILE_SIZ…
    130|     `let reinstallPlanGhost = () => {}; let withdrawPlanGhost = () => …
 ❯ move src/ui/room-template-world-bridge.ts:51:39
 ❯ capture src/ui/room-template-world-bridge.ts:84:5
 ❯ ElementStub.pointerDown src/ui/room-template-world-bridge.ts:112:9
 ❯ ElementStub.[nodejs.internal.kHybridDispatch] node:internal/event_target:856:20
 ❯ ElementStub.dispatchEvent node:internal/event_target:789:26
 ❯ dispatch tests/unit/ui-template-chord-release.test.ts:92:98
 ❯ setup tests/unit/ui-template-chord-release.test.ts:140:43
 ❯ tests/unit/ui-template-chord-release.test.ts:168:21
 ❯ ../../Rozw%C3%B3j%20gier/lockstate-1382-doc-anchor-2026-09-24/node_modules/.pnpm/@vitest+runner@4.1.11/node_modules/@vitest/runner/dist/chunk-artifact.js:302:11

This error originated in "tests/unit/ui-template-chord-release.test.ts" test file. It doesn't mean the error was thrown inside the file itself, but while it was running.

⎯⎯⎯⎯⎯ Uncaught Exception ⎯⎯⎯⎯⎯
ReferenceError: renderFeed is not defined
 ❯ Object.worldRevision tests/unit/ui-template-chord-release.test.ts:128:16
    126|     : selector === '.hud__corner' ? box(0, 0, 350 * uiScale, 130 * uiS…
    127|     : selector === '.hud-strip' ? box(0, 0, 1920, 130 * uiScale) : und…
    128|   const main = new Function('worldScene', 'roomTemplateTool', 'appRoot…
       |                ^
    129|     'screenToGround', 'groundToScreen', 'computeObliqueFit', 'TILE_SIZ…
    130|     `let reinstallPlanGhost = () => {}; let withdrawPlanGhost = () => …
 ❯ move src/ui/room-template-world-bridge.ts:51:39
 ❯ capture src/ui/room-template-world-bridge.ts:84:5
 ❯ ElementStub.pointerMove src/ui/room-template-world-bridge.ts:95:5
 ❯ ElementStub.[nodejs.internal.kHybridDispatch] node:internal/event_target:856:20
 ❯ ElementStub.dispatchEvent node:internal/event_target:789:26
 ❯ dispatch tests/unit/ui-template-chord-release.test.ts:92:98
 ❯ setup tests/unit/ui-template-chord-release.test.ts:140:3
 ❯ tests/unit/ui-template-chord-release.test.ts:173:21
 ❯ ../../Rozw%C3%B3j%20gier/lockstate-1382-doc-anchor-2026-09-24/node_modules/.pnpm/@vitest+runner@4.1.11/node_modules/@vitest/runner/dist/chunk-artifact.js:302:11

This error originated in "tests/unit/ui-template-chord-release.test.ts" test file. It doesn't mean the error was thrown inside the file itself, but while it was running.

⎯⎯⎯⎯⎯ Uncaught Exception ⎯⎯⎯⎯⎯
ReferenceError: renderFeed is not defined
 ❯ Object.worldRevision tests/unit/ui-template-chord-release.test.ts:128:16
    126|     : selector === '.hud__corner' ? box(0, 0, 350 * uiScale, 130 * uiS…
    127|     : selector === '.hud-strip' ? box(0, 0, 1920, 130 * uiScale) : und…
    128|   const main = new Function('worldScene', 'roomTemplateTool', 'appRoot…
       |                ^
    129|     'screenToGround', 'groundToScreen', 'computeObliqueFit', 'TILE_SIZ…
    130|     `let reinstallPlanGhost = () => {}; let withdrawPlanGhost = () => …
 ❯ move src/ui/room-template-world-bridge.ts:51:39
 ❯ capture src/ui/room-template-world-bridge.ts:84:5
 ❯ ElementStub.pointerDown src/ui/room-template-world-bridge.ts:112:9
 ❯ ElementStub.[nodejs.internal.kHybridDispatch] node:internal/event_target:856:20
 ❯ ElementStub.dispatchEvent node:internal/event_target:789:26
 ❯ dispatch tests/unit/ui-template-chord-release.test.ts:92:98
 ❯ setup tests/unit/ui-template-chord-release.test.ts:140:43
 ❯ tests/unit/ui-template-chord-release.test.ts:173:21
 ❯ ../../Rozw%C3%B3j%20gier/lockstate-1382-doc-anchor-2026-09-24/node_modules/.pnpm/@vitest+runner@4.1.11/node_modules/@vitest/runner/dist/chunk-artifact.js:302:11

This error originated in "tests/unit/ui-template-chord-release.test.ts" test file. It doesn't mean the error was thrown inside the file itself, but while it was running.

⎯⎯⎯⎯⎯ Uncaught Exception ⎯⎯⎯⎯⎯
ReferenceError: renderFeed is not defined
 ❯ Object.worldRevision tests/unit/ui-template-chord-release.test.ts:128:16
    126|     : selector === '.hud__corner' ? box(0, 0, 350 * uiScale, 130 * uiS…
    127|     : selector === '.hud-strip' ? box(0, 0, 1920, 130 * uiScale) : und…
    128|   const main = new Function('worldScene', 'roomTemplateTool', 'appRoot…
       |                ^
    129|     'screenToGround', 'groundToScreen', 'computeObliqueFit', 'TILE_SIZ…
    130|     `let reinstallPlanGhost = () => {}; let withdrawPlanGhost = () => …
 ❯ move src/ui/room-template-world-bridge.ts:51:39
 ❯ capture src/ui/room-template-world-bridge.ts:84:5
 ❯ ElementStub.pointerMove src/ui/room-template-world-bridge.ts:95:5
 ❯ ElementStub.[nodejs.internal.kHybridDispatch] node:internal/event_target:856:20
 ❯ ElementStub.dispatchEvent node:internal/event_target:789:26
 ❯ dispatch tests/unit/ui-template-chord-release.test.ts:92:98
 ❯ setup tests/unit/ui-template-chord-release.test.ts:140:3
 ❯ tests/unit/ui-template-chord-release.test.ts:173:21
 ❯ ../../Rozw%C3%B3j%20gier/lockstate-1382-doc-anchor-2026-09-24/node_modules/.pnpm/@vitest+runner@4.1.11/node_modules/@vitest/runner/dist/chunk-artifact.js:302:11

This error originated in "tests/unit/ui-template-chord-release.test.ts" test file. It doesn't mean the error was thrown inside the file itself, but while it was running.

⎯⎯⎯⎯⎯ Uncaught Exception ⎯⎯⎯⎯⎯
ReferenceError: renderFeed is not defined
 ❯ Object.worldRevision tests/unit/ui-template-chord-release.test.ts:128:16
    126|     : selector === '.hud__corner' ? box(0, 0, 350 * uiScale, 130 * uiS…
    127|     : selector === '.hud-strip' ? box(0, 0, 1920, 130 * uiScale) : und…
    128|   const main = new Function('worldScene', 'roomTemplateTool', 'appRoot…
       |                ^
    129|     'screenToGround', 'groundToScreen', 'computeObliqueFit', 'TILE_SIZ…
    130|     `let reinstallPlanGhost = () => {}; let withdrawPlanGhost = () => …
 ❯ move src/ui/room-template-world-bridge.ts:51:39
 ❯ capture src/ui/room-template-world-bridge.ts:84:5
 ❯ ElementStub.pointerDown src/ui/room-template-world-bridge.ts:112:9
 ❯ ElementStub.[nodejs.internal.kHybridDispatch] node:internal/event_target:856:20
 ❯ ElementStub.dispatchEvent node:internal/event_target:789:26
 ❯ dispatch tests/unit/ui-template-chord-release.test.ts:92:98
 ❯ setup tests/unit/ui-template-chord-release.test.ts:140:43
 ❯ tests/unit/ui-template-chord-release.test.ts:173:21
 ❯ ../../Rozw%C3%B3j%20gier/lockstate-1382-doc-anchor-2026-09-24/node_modules/.pnpm/@vitest+runner@4.1.11/node_modules/@vitest/runner/dist/chunk-artifact.js:302:11

This error originated in "tests/unit/ui-template-chord-release.test.ts" test file. It doesn't mean the error was thrown inside the file itself, but while it was running.

⎯⎯⎯⎯⎯ Uncaught Exception ⎯⎯⎯⎯⎯
ReferenceError: renderFeed is not defined
 ❯ Object.worldRevision tests/unit/ui-template-chord-release.test.ts:128:16
    126|     : selector === '.hud__corner' ? box(0, 0, 350 * uiScale, 130 * uiS…
    127|     : selector === '.hud-strip' ? box(0, 0, 1920, 130 * uiScale) : und…
    128|   const main = new Function('worldScene', 'roomTemplateTool', 'appRoot…
       |                ^
    129|     'screenToGround', 'groundToScreen', 'computeObliqueFit', 'TILE_SIZ…
    130|     `let reinstallPlanGhost = () => {}; let withdrawPlanGhost = () => …
 ❯ move src/ui/room-template-world-bridge.ts:51:39
 ❯ capture src/ui/room-template-world-bridge.ts:84:5
 ❯ ElementStub.pointerMove src/ui/room-template-world-bridge.ts:95:5
 ❯ ElementStub.[nodejs.internal.kHybridDispatch] node:internal/event_target:856:20
 ❯ ElementStub.dispatchEvent node:internal/event_target:789:26
 ❯ dispatch tests/unit/ui-template-chord-release.test.ts:92:98
 ❯ setup tests/unit/ui-template-chord-release.test.ts:140:3
 ❯ tests/unit/ui-template-chord-release.test.ts:182:21
 ❯ ../../Rozw%C3%B3j%20gier/lockstate-1382-doc-anchor-2026-09-24/node_modules/.pnpm/@vitest+runner@4.1.11/node_modules/@vitest/runner/dist/chunk-artifact.js:302:11

This error originated in "tests/unit/ui-template-chord-release.test.ts" test file. It doesn't mean the error was thrown inside the file itself, but while it was running.

⎯⎯⎯⎯⎯ Uncaught Exception ⎯⎯⎯⎯⎯
ReferenceError: renderFeed is not defined
 ❯ Object.worldRevision tests/unit/ui-template-chord-release.test.ts:128:16
    126|     : selector === '.hud__corner' ? box(0, 0, 350 * uiScale, 130 * uiS…
    127|     : selector === '.hud-strip' ? box(0, 0, 1920, 130 * uiScale) : und…
    128|   const main = new Function('worldScene', 'roomTemplateTool', 'appRoot…
       |                ^
    129|     'screenToGround', 'groundToScreen', 'computeObliqueFit', 'TILE_SIZ…
    130|     `let reinstallPlanGhost = () => {}; let withdrawPlanGhost = () => …
 ❯ move src/ui/room-template-world-bridge.ts:51:39
 ❯ capture src/ui/room-template-world-bridge.ts:84:5
 ❯ ElementStub.pointerDown src/ui/room-template-world-bridge.ts:112:9
 ❯ ElementStub.[nodejs.internal.kHybridDispatch] node:internal/event_target:856:20
 ❯ ElementStub.dispatchEvent node:internal/event_target:789:26
 ❯ dispatch tests/unit/ui-template-chord-release.test.ts:92:98
 ❯ setup tests/unit/ui-template-chord-release.test.ts:140:43
 ❯ tests/unit/ui-template-chord-release.test.ts:182:21
 ❯ ../../Rozw%C3%B3j%20gier/lockstate-1382-doc-anchor-2026-09-24/node_modules/.pnpm/@vitest+runner@4.1.11/node_modules/@vitest/runner/dist/chunk-artifact.js:302:11

This error originated in "tests/unit/ui-template-chord-release.test.ts" test file. It doesn't mean the error was thrown inside the file itself, but while it was running.

⎯⎯⎯⎯⎯ Uncaught Exception ⎯⎯⎯⎯⎯
ReferenceError: renderFeed is not defined
 ❯ Object.worldRevision tests/unit/ui-template-chord-release.test.ts:128:16
    126|     : selector === '.hud__corner' ? box(0, 0, 350 * uiScale, 130 * uiS…
    127|     : selector === '.hud-strip' ? box(0, 0, 1920, 130 * uiScale) : und…
    128|   const main = new Function('worldScene', 'roomTemplateTool', 'appRoot…
       |                ^
    129|     'screenToGround', 'groundToScreen', 'computeObliqueFit', 'TILE_SIZ…
    130|     `let reinstallPlanGhost = () => {}; let withdrawPlanGhost = () => …
 ❯ move src/ui/room-template-world-bridge.ts:51:39
 ❯ capture src/ui/room-template-world-bridge.ts:84:5
 ❯ ElementStub.pointerMove src/ui/room-template-world-bridge.ts:95:5
 ❯ ElementStub.[nodejs.internal.kHybridDispatch] node:internal/event_target:856:20
 ❯ ElementStub.dispatchEvent node:internal/event_target:789:26
 ❯ dispatch tests/unit/ui-template-chord-release.test.ts:92:98
 ❯ setup tests/unit/ui-template-chord-release.test.ts:140:3
 ❯ tests/unit/ui-template-chord-release.test.ts:154:21
 ❯ ../../Rozw%C3%B3j%20gier/lockstate-1382-doc-anchor-2026-09-24/node_modules/.pnpm/@vitest+runner@4.1.11/node_modules/@vitest/runner/dist/chunk-artifact.js:302:11

This error originated in "tests/unit/ui-template-chord-release.test.ts" test file. It doesn't mean the error was thrown inside the file itself, but while it was running.

⎯⎯⎯⎯⎯ Uncaught Exception ⎯⎯⎯⎯⎯
ReferenceError: renderFeed is not defined
 ❯ Object.worldRevision tests/unit/ui-template-chord-release.test.ts:128:16
    126|     : selector === '.hud__corner' ? box(0, 0, 350 * uiScale, 130 * uiS…
    127|     : selector === '.hud-strip' ? box(0, 0, 1920, 130 * uiScale) : und…
    128|   const main = new Function('worldScene', 'roomTemplateTool', 'appRoot…
       |                ^
    129|     'screenToGround', 'groundToScreen', 'computeObliqueFit', 'TILE_SIZ…
    130|     `let reinstallPlanGhost = () => {}; let withdrawPlanGhost = () => …
 ❯ move src/ui/room-template-world-bridge.ts:51:39
 ❯ capture src/ui/room-template-world-bridge.ts:84:5
 ❯ ElementStub.pointerDown src/ui/room-template-world-bridge.ts:112:9
 ❯ ElementStub.[nodejs.internal.kHybridDispatch] node:internal/event_target:856:20
 ❯ ElementStub.dispatchEvent node:internal/event_target:789:26
 ❯ dispatch tests/unit/ui-template-chord-release.test.ts:92:98
 ❯ setup tests/unit/ui-template-chord-release.test.ts:140:43
 ❯ tests/unit/ui-template-chord-release.test.ts:154:21
 ❯ ../../Rozw%C3%B3j%20gier/lockstate-1382-doc-anchor-2026-09-24/node_modules/.pnpm/@vitest+runner@4.1.11/node_modules/@vitest/runner/dist/chunk-artifact.js:302:11

This error originated in "tests/unit/ui-template-chord-release.test.ts" test file. It doesn't mean the error was thrown inside the file itself, but while it was running.

⎯⎯⎯⎯⎯ Uncaught Exception ⎯⎯⎯⎯⎯
ReferenceError: renderFeed is not defined
 ❯ Object.worldRevision tests/unit/ui-template-chord-release.test.ts:128:16
    126|     : selector === '.hud__corner' ? box(0, 0, 350 * uiScale, 130 * uiS…
    127|     : selector === '.hud-strip' ? box(0, 0, 1920, 130 * uiScale) : und…
    128|   const main = new Function('worldScene', 'roomTemplateTool', 'appRoot…
       |                ^
    129|     'screenToGround', 'groundToScreen', 'computeObliqueFit', 'TILE_SIZ…
    130|     `let reinstallPlanGhost = () => {}; let withdrawPlanGhost = () => …
 ❯ move src/ui/room-template-world-bridge.ts:51:39
 ❯ capture src/ui/room-template-world-bridge.ts:84:5
 ❯ ElementStub.pointerMove src/ui/room-template-world-bridge.ts:95:5
 ❯ ElementStub.[nodejs.internal.kHybridDispatch] node:internal/event_target:856:20
 ❯ ElementStub.dispatchEvent node:internal/event_target:789:26
 ❯ dispatch tests/unit/ui-template-chord-release.test.ts:92:98
 ❯ setup tests/unit/ui-template-chord-release.test.ts:140:3
 ❯ tests/unit/ui-template-chord-release.test.ts:154:21
 ❯ ../../Rozw%C3%B3j%20gier/lockstate-1382-doc-anchor-2026-09-24/node_modules/.pnpm/@vitest+runner@4.1.11/node_modules/@vitest/runner/dist/chunk-artifact.js:302:11

This error originated in "tests/unit/ui-template-chord-release.test.ts" test file. It doesn't mean the error was thrown inside the file itself, but while it was running.

⎯⎯⎯⎯⎯ Uncaught Exception ⎯⎯⎯⎯⎯
ReferenceError: renderFeed is not defined
 ❯ Object.worldRevision tests/unit/ui-template-chord-release.test.ts:128:16
    126|     : selector === '.hud__corner' ? box(0, 0, 350 * uiScale, 130 * uiS…
    127|     : selector === '.hud-strip' ? box(0, 0, 1920, 130 * uiScale) : und…
    128|   const main = new Function('worldScene', 'roomTemplateTool', 'appRoot…
       |                ^
    129|     'screenToGround', 'groundToScreen', 'computeObliqueFit', 'TILE_SIZ…
    130|     `let reinstallPlanGhost = () => {}; let withdrawPlanGhost = () => …
 ❯ move src/ui/room-template-world-bridge.ts:51:39
 ❯ capture src/ui/room-template-world-bridge.ts:84:5
 ❯ ElementStub.pointerDown src/ui/room-template-world-bridge.ts:112:9
 ❯ ElementStub.[nodejs.internal.kHybridDispatch] node:internal/event_target:856:20
 ❯ ElementStub.dispatchEvent node:internal/event_target:789:26
 ❯ dispatch tests/unit/ui-template-chord-release.test.ts:92:98
 ❯ setup tests/unit/ui-template-chord-release.test.ts:140:43
 ❯ tests/unit/ui-template-chord-release.test.ts:154:21
 ❯ ../../Rozw%C3%B3j%20gier/lockstate-1382-doc-anchor-2026-09-24/node_modules/.pnpm/@vitest+runner@4.1.11/node_modules/@vitest/runner/dist/chunk-artifact.js:302:11

This error originated in "tests/unit/ui-template-chord-release.test.ts" test file. It doesn't mean the error was thrown inside the file itself, but while it was running.

⎯⎯⎯⎯⎯ Uncaught Exception ⎯⎯⎯⎯⎯
ReferenceError: renderFeed is not defined
 ❯ Object.worldRevision tests/unit/ui-template-chord-release.test.ts:128:16
    126|     : selector === '.hud__corner' ? box(0, 0, 350 * uiScale, 130 * uiS…
    127|     : selector === '.hud-strip' ? box(0, 0, 1920, 130 * uiScale) : und…
    128|   const main = new Function('worldScene', 'roomTemplateTool', 'appRoot…
       |                ^
    129|     'screenToGround', 'groundToScreen', 'computeObliqueFit', 'TILE_SIZ…
    130|     `let reinstallPlanGhost = () => {}; let withdrawPlanGhost = () => …
 ❯ move src/ui/room-template-world-bridge.ts:51:39
 ❯ capture src/ui/room-template-world-bridge.ts:84:5
 ❯ ElementStub.pointerMove src/ui/room-template-world-bridge.ts:95:5
 ❯ ElementStub.[nodejs.internal.kHybridDispatch] node:internal/event_target:856:20
 ❯ ElementStub.dispatchEvent node:internal/event_target:789:26
 ❯ dispatch tests/unit/ui-template-chord-release.test.ts:92:98
 ❯ setup tests/unit/ui-template-chord-release.test.ts:140:3
 ❯ tests/unit/ui-template-chord-release.test.ts:168:21
 ❯ ../../Rozw%C3%B3j%20gier/lockstate-1382-doc-anchor-2026-09-24/node_modules/.pnpm/@vitest+runner@4.1.11/node_modules/@vitest/runner/dist/chunk-artifact.js:302:11

This error originated in "tests/unit/ui-template-chord-release.test.ts" test file. It doesn't mean the error was thrown inside the file itself, but while it was running.

⎯⎯⎯⎯⎯ Uncaught Exception ⎯⎯⎯⎯⎯
ReferenceError: renderFeed is not defined
 ❯ Object.worldRevision tests/unit/ui-template-chord-release.test.ts:128:16
    126|     : selector === '.hud__corner' ? box(0, 0, 350 * uiScale, 130 * uiS…
    127|     : selector === '.hud-strip' ? box(0, 0, 1920, 130 * uiScale) : und…
    128|   const main = new Function('worldScene', 'roomTemplateTool', 'appRoot…
       |                ^
    129|     'screenToGround', 'groundToScreen', 'computeObliqueFit', 'TILE_SIZ…
    130|     `let reinstallPlanGhost = () => {}; let withdrawPlanGhost = () => …
 ❯ move src/ui/room-template-world-bridge.ts:51:39
 ❯ capture src/ui/room-template-world-bridge.ts:84:5
 ❯ ElementStub.pointerDown src/ui/room-template-world-bridge.ts:112:9
 ❯ ElementStub.[nodejs.internal.kHybridDispatch] node:internal/event_target:856:20
 ❯ ElementStub.dispatchEvent node:internal/event_target:789:26
 ❯ dispatch tests/unit/ui-template-chord-release.test.ts:92:98
 ❯ setup tests/unit/ui-template-chord-release.test.ts:140:43
 ❯ tests/unit/ui-template-chord-release.test.ts:168:21
 ❯ ../../Rozw%C3%B3j%20gier/lockstate-1382-doc-anchor-2026-09-24/node_modules/.pnpm/@vitest+runner@4.1.11/node_modules/@vitest/runner/dist/chunk-artifact.js:302:11

This error originated in "tests/unit/ui-template-chord-release.test.ts" test file. It doesn't mean the error was thrown inside the file itself, but while it was running.

⎯⎯⎯⎯⎯ Uncaught Exception ⎯⎯⎯⎯⎯
ReferenceError: renderFeed is not defined
 ❯ Object.worldRevision tests/unit/ui-template-chord-release.test.ts:128:16
    126|     : selector === '.hud__corner' ? box(0, 0, 350 * uiScale, 130 * uiS…
    127|     : selector === '.hud-strip' ? box(0, 0, 1920, 130 * uiScale) : und…
    128|   const main = new Function('worldScene', 'roomTemplateTool', 'appRoot…
       |                ^
    129|     'screenToGround', 'groundToScreen', 'computeObliqueFit', 'TILE_SIZ…
    130|     `let reinstallPlanGhost = () => {}; let withdrawPlanGhost = () => …
 ❯ move src/ui/room-template-world-bridge.ts:51:39
 ❯ capture src/ui/room-template-world-bridge.ts:84:5
 ❯ ElementStub.pointerMove src/ui/room-template-world-bridge.ts:95:5
 ❯ ElementStub.[nodejs.internal.kHybridDispatch] node:internal/event_target:856:20
 ❯ ElementStub.dispatchEvent node:internal/event_target:789:26
 ❯ dispatch tests/unit/ui-template-chord-release.test.ts:92:98
 ❯ setup tests/unit/ui-template-chord-release.test.ts:140:3
 ❯ tests/unit/ui-template-chord-release.test.ts:173:21
 ❯ ../../Rozw%C3%B3j%20gier/lockstate-1382-doc-anchor-2026-09-24/node_modules/.pnpm/@vitest+runner@4.1.11/node_modules/@vitest/runner/dist/chunk-artifact.js:302:11

This error originated in "tests/unit/ui-template-chord-release.test.ts" test file. It doesn't mean the error was thrown inside the file itself, but while it was running.

⎯⎯⎯⎯⎯ Uncaught Exception ⎯⎯⎯⎯⎯
ReferenceError: renderFeed is not defined
 ❯ Object.worldRevision tests/unit/ui-template-chord-release.test.ts:128:16
    126|     : selector === '.hud__corner' ? box(0, 0, 350 * uiScale, 130 * uiS…
    127|     : selector === '.hud-strip' ? box(0, 0, 1920, 130 * uiScale) : und…
    128|   const main = new Function('worldScene', 'roomTemplateTool', 'appRoot…
       |                ^
    129|     'screenToGround', 'groundToScreen', 'computeObliqueFit', 'TILE_SIZ…
    130|     `let reinstallPlanGhost = () => {}; let withdrawPlanGhost = () => …
 ❯ move src/ui/room-template-world-bridge.ts:51:39
 ❯ capture src/ui/room-template-world-bridge.ts:84:5
 ❯ ElementStub.pointerDown src/ui/room-template-world-bridge.ts:112:9
 ❯ ElementStub.[nodejs.internal.kHybridDispatch] node:internal/event_target:856:20
 ❯ ElementStub.dispatchEvent node:internal/event_target:789:26
 ❯ dispatch tests/unit/ui-template-chord-release.test.ts:92:98
 ❯ setup tests/unit/ui-template-chord-release.test.ts:140:43
 ❯ tests/unit/ui-template-chord-release.test.ts:173:21
 ❯ ../../Rozw%C3%B3j%20gier/lockstate-1382-doc-anchor-2026-09-24/node_modules/.pnpm/@vitest+runner@4.1.11/node_modules/@vitest/runner/dist/chunk-artifact.js:302:11

This error originated in "tests/unit/ui-template-chord-release.test.ts" test file. It doesn't mean the error was thrown inside the file itself, but while it was running.

⎯⎯⎯⎯⎯ Uncaught Exception ⎯⎯⎯⎯⎯
ReferenceError: renderFeed is not defined
 ❯ Object.worldRevision tests/unit/ui-template-chord-release.test.ts:128:16
    126|     : selector === '.hud__corner' ? box(0, 0, 350 * uiScale, 130 * uiS…
    127|     : selector === '.hud-strip' ? box(0, 0, 1920, 130 * uiScale) : und…
    128|   const main = new Function('worldScene', 'roomTemplateTool', 'appRoot…
       |                ^
    129|     'screenToGround', 'groundToScreen', 'computeObliqueFit', 'TILE_SIZ…
    130|     `let reinstallPlanGhost = () => {}; let withdrawPlanGhost = () => …
 ❯ move src/ui/room-template-world-bridge.ts:51:39
 ❯ capture src/ui/room-template-world-bridge.ts:84:5
 ❯ ElementStub.pointerMove src/ui/room-template-world-bridge.ts:95:5
 ❯ ElementStub.[nodejs.internal.kHybridDispatch] node:internal/event_target:856:20
 ❯ ElementStub.dispatchEvent node:internal/event_target:789:26
 ❯ dispatch tests/unit/ui-template-chord-release.test.ts:92:98
 ❯ setup tests/unit/ui-template-chord-release.test.ts:140:3
 ❯ tests/unit/ui-template-chord-release.test.ts:173:21
 ❯ ../../Rozw%C3%B3j%20gier/lockstate-1382-doc-anchor-2026-09-24/node_modules/.pnpm/@vitest+runner@4.1.11/node_modules/@vitest/runner/dist/chunk-artifact.js:302:11

This error originated in "tests/unit/ui-template-chord-release.test.ts" test file. It doesn't mean the error was thrown inside the file itself, but while it was running.

⎯⎯⎯⎯⎯ Uncaught Exception ⎯⎯⎯⎯⎯
ReferenceError: renderFeed is not defined
 ❯ Object.worldRevision tests/unit/ui-template-chord-release.test.ts:128:16
    126|     : selector === '.hud__corner' ? box(0, 0, 350 * uiScale, 130 * uiS…
    127|     : selector === '.hud-strip' ? box(0, 0, 1920, 130 * uiScale) : und…
    128|   const main = new Function('worldScene', 'roomTemplateTool', 'appRoot…
       |                ^
    129|     'screenToGround', 'groundToScreen', 'computeObliqueFit', 'TILE_SIZ…
    130|     `let reinstallPlanGhost = () => {}; let withdrawPlanGhost = () => …
 ❯ move src/ui/room-template-world-bridge.ts:51:39
 ❯ capture src/ui/room-template-world-bridge.ts:84:5
 ❯ ElementStub.pointerDown src/ui/room-template-world-bridge.ts:112:9
 ❯ ElementStub.[nodejs.internal.kHybridDispatch] node:internal/event_target:856:20
 ❯ ElementStub.dispatchEvent node:internal/event_target:789:26
 ❯ dispatch tests/unit/ui-template-chord-release.test.ts:92:98
 ❯ setup tests/unit/ui-template-chord-release.test.ts:140:43
 ❯ tests/unit/ui-template-chord-release.test.ts:173:21
 ❯ ../../Rozw%C3%B3j%20gier/lockstate-1382-doc-anchor-2026-09-24/node_modules/.pnpm/@vitest+runner@4.1.11/node_modules/@vitest/runner/dist/chunk-artifact.js:302:11

This error originated in "tests/unit/ui-template-chord-release.test.ts" test file. It doesn't mean the error was thrown inside the file itself, but while it was running.

⎯⎯⎯⎯⎯ Uncaught Exception ⎯⎯⎯⎯⎯
ReferenceError: renderFeed is not defined
 ❯ Object.worldRevision tests/unit/ui-template-chord-release.test.ts:128:16
    126|     : selector === '.hud__corner' ? box(0, 0, 350 * uiScale, 130 * uiS…
    127|     : selector === '.hud-strip' ? box(0, 0, 1920, 130 * uiScale) : und…
    128|   const main = new Function('worldScene', 'roomTemplateTool', 'appRoot…
       |                ^
    129|     'screenToGround', 'groundToScreen', 'computeObliqueFit', 'TILE_SIZ…
    130|     `let reinstallPlanGhost = () => {}; let withdrawPlanGhost = () => …
 ❯ move src/ui/room-template-world-bridge.ts:51:39
 ❯ capture src/ui/room-template-world-bridge.ts:84:5
 ❯ ElementStub.pointerMove src/ui/room-template-world-bridge.ts:95:5
 ❯ ElementStub.[nodejs.internal.kHybridDispatch] node:internal/event_target:856:20
 ❯ ElementStub.dispatchEvent node:internal/event_target:789:26
 ❯ dispatch tests/unit/ui-template-chord-release.test.ts:92:98
 ❯ setup tests/unit/ui-template-chord-release.test.ts:140:3
 ❯ tests/unit/ui-template-chord-release.test.ts:182:21
 ❯ ../../Rozw%C3%B3j%20gier/lockstate-1382-doc-anchor-2026-09-24/node_modules/.pnpm/@vitest+runner@4.1.11/node_modules/@vitest/runner/dist/chunk-artifact.js:302:11

This error originated in "tests/unit/ui-template-chord-release.test.ts" test file. It doesn't mean the error was thrown inside the file itself, but while it was running.

⎯⎯⎯⎯⎯ Uncaught Exception ⎯⎯⎯⎯⎯
ReferenceError: renderFeed is not defined
 ❯ Object.worldRevision tests/unit/ui-template-chord-release.test.ts:128:16
    126|     : selector === '.hud__corner' ? box(0, 0, 350 * uiScale, 130 * uiS…
    127|     : selector === '.hud-strip' ? box(0, 0, 1920, 130 * uiScale) : und…
    128|   const main = new Function('worldScene', 'roomTemplateTool', 'appRoot…
       |                ^
    129|     'screenToGround', 'groundToScreen', 'computeObliqueFit', 'TILE_SIZ…
    130|     `let reinstallPlanGhost = () => {}; let withdrawPlanGhost = () => …
 ❯ move src/ui/room-template-world-bridge.ts:51:39
 ❯ capture src/ui/room-template-world-bridge.ts:84:5
 ❯ ElementStub.pointerDown src/ui/room-template-world-bridge.ts:112:9
 ❯ ElementStub.[nodejs.internal.kHybridDispatch] node:internal/event_target:856:20
 ❯ ElementStub.dispatchEvent node:internal/event_target:789:26
 ❯ dispatch tests/unit/ui-template-chord-release.test.ts:92:98
 ❯ setup tests/unit/ui-template-chord-release.test.ts:140:43
 ❯ tests/unit/ui-template-chord-release.test.ts:182:21
 ❯ ../../Rozw%C3%B3j%20gier/lockstate-1382-doc-anchor-2026-09-24/node_modules/.pnpm/@vitest+runner@4.1.11/node_modules/@vitest/runner/dist/chunk-artifact.js:302:11

This error originated in "tests/unit/ui-template-chord-release.test.ts" test file. It doesn't mean the error was thrown inside the file itself, but while it was running.

⎯⎯⎯⎯⎯ Uncaught Exception ⎯⎯⎯⎯⎯
ReferenceError: renderFeed is not defined
 ❯ Object.worldRevision tests/unit/ui-template-chord-release.test.ts:128:16
    126|     : selector === '.hud__corner' ? box(0, 0, 350 * uiScale, 130 * uiS…
    127|     : selector === '.hud-strip' ? box(0, 0, 1920, 130 * uiScale) : und…
    128|   const main = new Function('worldScene', 'roomTemplateTool', 'appRoot…
       |                ^
    129|     'screenToGround', 'groundToScreen', 'computeObliqueFit', 'TILE_SIZ…
    130|     `let reinstallPlanGhost = () => {}; let withdrawPlanGhost = () => …
 ❯ move src/ui/room-template-world-bridge.ts:51:39
 ❯ capture src/ui/room-template-world-bridge.ts:84:5
 ❯ ElementStub.pointerMove src/ui/room-template-world-bridge.ts:95:5
 ❯ ElementStub.[nodejs.internal.kHybridDispatch] node:internal/event_target:856:20
 ❯ ElementStub.dispatchEvent node:internal/event_target:789:26
 ❯ dispatch tests/unit/ui-template-chord-release.test.ts:92:98
 ❯ setup tests/unit/ui-template-chord-release.test.ts:140:3
 ❯ tests/unit/ui-template-chord-release.test.ts:201:21
 ❯ ../../Rozw%C3%B3j%20gier/lockstate-1382-doc-anchor-2026-09-24/node_modules/.pnpm/@vitest+runner@4.1.11/node_modules/@vitest/runner/dist/chunk-artifact.js:302:11

This error originated in "tests/unit/ui-template-chord-release.test.ts" test file. It doesn't mean the error was thrown inside the file itself, but while it was running.

⎯⎯⎯⎯⎯ Uncaught Exception ⎯⎯⎯⎯⎯
ReferenceError: renderFeed is not defined
 ❯ Object.worldRevision tests/unit/ui-template-chord-release.test.ts:128:16
    126|     : selector === '.hud__corner' ? box(0, 0, 350 * uiScale, 130 * uiS…
    127|     : selector === '.hud-strip' ? box(0, 0, 1920, 130 * uiScale) : und…
    128|   const main = new Function('worldScene', 'roomTemplateTool', 'appRoot…
       |                ^
    129|     'screenToGround', 'groundToScreen', 'computeObliqueFit', 'TILE_SIZ…
    130|     `let reinstallPlanGhost = () => {}; let withdrawPlanGhost = () => …
 ❯ move src/ui/room-template-world-bridge.ts:51:39
 ❯ capture src/ui/room-template-world-bridge.ts:84:5
 ❯ ElementStub.pointerDown src/ui/room-template-world-bridge.ts:112:9
 ❯ ElementStub.[nodejs.internal.kHybridDispatch] node:internal/event_target:856:20
 ❯ ElementStub.dispatchEvent node:internal/event_target:789:26
 ❯ dispatch tests/unit/ui-template-chord-release.test.ts:92:98
 ❯ setup tests/unit/ui-template-chord-release.test.ts:140:43
 ❯ tests/unit/ui-template-chord-release.test.ts:201:21
 ❯ ../../Rozw%C3%B3j%20gier/lockstate-1382-doc-anchor-2026-09-24/node_modules/.pnpm/@vitest+runner@4.1.11/node_modules/@vitest/runner/dist/chunk-artifact.js:302:11

This error originated in "tests/unit/ui-template-chord-release.test.ts" test file. It doesn't mean the error was thrown inside the file itself, but while it was running.

⎯⎯⎯⎯⎯ Uncaught Exception ⎯⎯⎯⎯⎯
ReferenceError: renderFeed is not defined
 ❯ Object.worldRevision tests/unit/ui-template-chord-release.test.ts:128:16
    126|     : selector === '.hud__corner' ? box(0, 0, 350 * uiScale, 130 * uiS…
    127|     : selector === '.hud-strip' ? box(0, 0, 1920, 130 * uiScale) : und…
    128|   const main = new Function('worldScene', 'roomTemplateTool', 'appRoot…
       |                ^
    129|     'screenToGround', 'groundToScreen', 'computeObliqueFit', 'TILE_SIZ…
    130|     `let reinstallPlanGhost = () => {}; let withdrawPlanGhost = () => …
 ❯ move src/ui/room-template-world-bridge.ts:51:39
 ❯ capture src/ui/room-template-world-bridge.ts:84:5
 ❯ ElementStub.pointerMove src/ui/room-template-world-bridge.ts:95:5
 ❯ ElementStub.[nodejs.internal.kHybridDispatch] node:internal/event_target:856:20
 ❯ ElementStub.dispatchEvent node:internal/event_target:789:26
 ❯ dispatch tests/unit/ui-template-chord-release.test.ts:92:98
 ❯ setup tests/unit/ui-template-chord-release.test.ts:140:3
 ❯ tests/unit/ui-template-chord-release.test.ts:219:21
 ❯ ../../Rozw%C3%B3j%20gier/lockstate-1382-doc-anchor-2026-09-24/node_modules/.pnpm/@vitest+runner@4.1.11/node_modules/@vitest/runner/dist/chunk-artifact.js:302:11

This error originated in "tests/unit/ui-template-chord-release.test.ts" test file. It doesn't mean the error was thrown inside the file itself, but while it was running.

⎯⎯⎯⎯⎯ Uncaught Exception ⎯⎯⎯⎯⎯
ReferenceError: renderFeed is not defined
 ❯ Object.worldRevision tests/unit/ui-template-chord-release.test.ts:128:16
    126|     : selector === '.hud__corner' ? box(0, 0, 350 * uiScale, 130 * uiS…
    127|     : selector === '.hud-strip' ? box(0, 0, 1920, 130 * uiScale) : und…
    128|   const main = new Function('worldScene', 'roomTemplateTool', 'appRoot…
       |                ^
    129|     'screenToGround', 'groundToScreen', 'computeObliqueFit', 'TILE_SIZ…
    130|     `let reinstallPlanGhost = () => {}; let withdrawPlanGhost = () => …
 ❯ move src/ui/room-template-world-bridge.ts:51:39
 ❯ capture src/ui/room-template-world-bridge.ts:84:5
 ❯ ElementStub.pointerDown src/ui/room-template-world-bridge.ts:112:9
 ❯ ElementStub.[nodejs.internal.kHybridDispatch] node:internal/event_target:856:20
 ❯ ElementStub.dispatchEvent node:internal/event_target:789:26
 ❯ dispatch tests/unit/ui-template-chord-release.test.ts:92:98
 ❯ setup tests/unit/ui-template-chord-release.test.ts:140:43
 ❯ tests/unit/ui-template-chord-release.test.ts:219:21
 ❯ ../../Rozw%C3%B3j%20gier/lockstate-1382-doc-anchor-2026-09-24/node_modules/.pnpm/@vitest+runner@4.1.11/node_modules/@vitest/runner/dist/chunk-artifact.js:302:11

This error originated in "tests/unit/ui-template-chord-release.test.ts" test file. It doesn't mean the error was thrown inside the file itself, but while it was running.

⎯⎯⎯⎯⎯ Uncaught Exception ⎯⎯⎯⎯⎯
ReferenceError: renderFeed is not defined
 ❯ Object.worldRevision tests/unit/ui-template-chord-release.test.ts:128:16
    126|     : selector === '.hud__corner' ? box(0, 0, 350 * uiScale, 130 * uiS…
    127|     : selector === '.hud-strip' ? box(0, 0, 1920, 130 * uiScale) : und…
    128|   const main = new Function('worldScene', 'roomTemplateTool', 'appRoot…
       |                ^
    129|     'screenToGround', 'groundToScreen', 'computeObliqueFit', 'TILE_SIZ…
    130|     `let reinstallPlanGhost = () => {}; let withdrawPlanGhost = () => …
 ❯ move src/ui/room-template-world-bridge.ts:51:39
 ❯ capture src/ui/room-template-world-bridge.ts:84:5
 ❯ ElementStub.pointerMove src/ui/room-template-world-bridge.ts:95:5
 ❯ ElementStub.[nodejs.internal.kHybridDispatch] node:internal/event_target:856:20
 ❯ ElementStub.dispatchEvent node:internal/event_target:789:26
 ❯ dispatch tests/unit/ui-template-chord-release.test.ts:92:98
 ❯ setup tests/unit/ui-template-chord-release.test.ts:140:3
 ❯ tests/unit/ui-template-chord-release.test.ts:201:21
 ❯ ../../Rozw%C3%B3j%20gier/lockstate-1382-doc-anchor-2026-09-24/node_modules/.pnpm/@vitest+runner@4.1.11/node_modules/@vitest/runner/dist/chunk-artifact.js:302:11

This error originated in "tests/unit/ui-template-chord-release.test.ts" test file. It doesn't mean the error was thrown inside the file itself, but while it was running.

⎯⎯⎯⎯⎯ Uncaught Exception ⎯⎯⎯⎯⎯
ReferenceError: renderFeed is not defined
 ❯ Object.worldRevision tests/unit/ui-template-chord-release.test.ts:128:16
    126|     : selector === '.hud__corner' ? box(0, 0, 350 * uiScale, 130 * uiS…
    127|     : selector === '.hud-strip' ? box(0, 0, 1920, 130 * uiScale) : und…
    128|   const main = new Function('worldScene', 'roomTemplateTool', 'appRoot…
       |                ^
    129|     'screenToGround', 'groundToScreen', 'computeObliqueFit', 'TILE_SIZ…
    130|     `let reinstallPlanGhost = () => {}; let withdrawPlanGhost = () => …
 ❯ move src/ui/room-template-world-bridge.ts:51:39
 ❯ capture src/ui/room-template-world-bridge.ts:84:5
 ❯ ElementStub.pointerDown src/ui/room-template-world-bridge.ts:112:9
 ❯ ElementStub.[nodejs.internal.kHybridDispatch] node:internal/event_target:856:20
 ❯ ElementStub.dispatchEvent node:internal/event_target:789:26
 ❯ dispatch tests/unit/ui-template-chord-release.test.ts:92:98
 ❯ setup tests/unit/ui-template-chord-release.test.ts:140:43
 ❯ tests/unit/ui-template-chord-release.test.ts:201:21
 ❯ ../../Rozw%C3%B3j%20gier/lockstate-1382-doc-anchor-2026-09-24/node_modules/.pnpm/@vitest+runner@4.1.11/node_modules/@vitest/runner/dist/chunk-artifact.js:302:11

This error originated in "tests/unit/ui-template-chord-release.test.ts" test file. It doesn't mean the error was thrown inside the file itself, but while it was running.

⎯⎯⎯⎯⎯ Uncaught Exception ⎯⎯⎯⎯⎯
ReferenceError: renderFeed is not defined
 ❯ Object.worldRevision tests/unit/ui-template-chord-release.test.ts:128:16
    126|     : selector === '.hud__corner' ? box(0, 0, 350 * uiScale, 130 * uiS…
    127|     : selector === '.hud-strip' ? box(0, 0, 1920, 130 * uiScale) : und…
    128|   const main = new Function('worldScene', 'roomTemplateTool', 'appRoot…
       |                ^
    129|     'screenToGround', 'groundToScreen', 'computeObliqueFit', 'TILE_SIZ…
    130|     `let reinstallPlanGhost = () => {}; let withdrawPlanGhost = () => …
 ❯ move src/ui/room-template-world-bridge.ts:51:39
 ❯ capture src/ui/room-template-world-bridge.ts:84:5
 ❯ ElementStub.pointerMove src/ui/room-template-world-bridge.ts:95:5
 ❯ ElementStub.[nodejs.internal.kHybridDispatch] node:internal/event_target:856:20
 ❯ ElementStub.dispatchEvent node:internal/event_target:789:26
 ❯ dispatch tests/unit/ui-template-chord-release.test.ts:92:98
 ❯ setup tests/unit/ui-template-chord-release.test.ts:140:3
 ❯ tests/unit/ui-template-chord-release.test.ts:219:21
 ❯ ../../Rozw%C3%B3j%20gier/lockstate-1382-doc-anchor-2026-09-24/node_modules/.pnpm/@vitest+runner@4.1.11/node_modules/@vitest/runner/dist/chunk-artifact.js:302:11

This error originated in "tests/unit/ui-template-chord-release.test.ts" test file. It doesn't mean the error was thrown inside the file itself, but while it was running.

⎯⎯⎯⎯⎯ Uncaught Exception ⎯⎯⎯⎯⎯
ReferenceError: renderFeed is not defined
 ❯ Object.worldRevision tests/unit/ui-template-chord-release.test.ts:128:16
    126|     : selector === '.hud__corner' ? box(0, 0, 350 * uiScale, 130 * uiS…
    127|     : selector === '.hud-strip' ? box(0, 0, 1920, 130 * uiScale) : und…
    128|   const main = new Function('worldScene', 'roomTemplateTool', 'appRoot…
       |                ^
    129|     'screenToGround', 'groundToScreen', 'computeObliqueFit', 'TILE_SIZ…
    130|     `let reinstallPlanGhost = () => {}; let withdrawPlanGhost = () => …
 ❯ move src/ui/room-template-world-bridge.ts:51:39
 ❯ capture src/ui/room-template-world-bridge.ts:84:5
 ❯ ElementStub.pointerDown src/ui/room-template-world-bridge.ts:112:9
 ❯ ElementStub.[nodejs.internal.kHybridDispatch] node:internal/event_target:856:20
 ❯ ElementStub.dispatchEvent node:internal/event_target:789:26
 ❯ dispatch tests/unit/ui-template-chord-release.test.ts:92:98
 ❯ setup tests/unit/ui-template-chord-release.test.ts:140:43
 ❯ tests/unit/ui-template-chord-release.test.ts:219:21
 ❯ ../../Rozw%C3%B3j%20gier/lockstate-1382-doc-anchor-2026-09-24/node_modules/.pnpm/@vitest+runner@4.1.11/node_modules/@vitest/runner/dist/chunk-artifact.js:302:11

This error originated in "tests/unit/ui-template-chord-release.test.ts" test file. It doesn't mean the error was thrown inside the file itself, but while it was running.

⎯⎯⎯⎯⎯ Uncaught Exception ⎯⎯⎯⎯⎯
ReferenceError: renderFeed is not defined
 ❯ Object.worldRevision tests/unit/ui-template-chord-release.test.ts:128:16
    126|     : selector === '.hud__corner' ? box(0, 0, 350 * uiScale, 130 * uiS…
    127|     : selector === '.hud-strip' ? box(0, 0, 1920, 130 * uiScale) : und…
    128|   const main = new Function('worldScene', 'roomTemplateTool', 'appRoot…
       |                ^
    129|     'screenToGround', 'groundToScreen', 'computeObliqueFit', 'TILE_SIZ…
    130|     `let reinstallPlanGhost = () => {}; let withdrawPlanGhost = () => …
 ❯ move src/ui/room-template-world-bridge.ts:51:39
 ❯ capture src/ui/room-template-world-bridge.ts:84:5
 ❯ ElementStub.pointerMove src/ui/room-template-world-bridge.ts:95:5
 ❯ ElementStub.[nodejs.internal.kHybridDispatch] node:internal/event_target:856:20
 ❯ ElementStub.dispatchEvent node:internal/event_target:789:26
 ❯ dispatch tests/unit/ui-template-chord-release.test.ts:92:98
 ❯ setup tests/unit/ui-template-chord-release.test.ts:140:3
 ❯ tests/unit/ui-template-chord-release.test.ts:201:21
 ❯ ../../Rozw%C3%B3j%20gier/lockstate-1382-doc-anchor-2026-09-24/node_modules/.pnpm/@vitest+runner@4.1.11/node_modules/@vitest/runner/dist/chunk-artifact.js:302:11

This error originated in "tests/unit/ui-template-chord-release.test.ts" test file. It doesn't mean the error was thrown inside the file itself, but while it was running.

⎯⎯⎯⎯⎯ Uncaught Exception ⎯⎯⎯⎯⎯
ReferenceError: renderFeed is not defined
 ❯ Object.worldRevision tests/unit/ui-template-chord-release.test.ts:128:16
    126|     : selector === '.hud__corner' ? box(0, 0, 350 * uiScale, 130 * uiS…
    127|     : selector === '.hud-strip' ? box(0, 0, 1920, 130 * uiScale) : und…
    128|   const main = new Function('worldScene', 'roomTemplateTool', 'appRoot…
       |                ^
    129|     'screenToGround', 'groundToScreen', 'computeObliqueFit', 'TILE_SIZ…
    130|     `let reinstallPlanGhost = () => {}; let withdrawPlanGhost = () => …
 ❯ move src/ui/room-template-world-bridge.ts:51:39
 ❯ capture src/ui/room-template-world-bridge.ts:84:5
 ❯ ElementStub.pointerDown src/ui/room-template-world-bridge.ts:112:9
 ❯ ElementStub.[nodejs.internal.kHybridDispatch] node:internal/event_target:856:20
 ❯ ElementStub.dispatchEvent node:internal/event_target:789:26
 ❯ dispatch tests/unit/ui-template-chord-release.test.ts:92:98
 ❯ setup tests/unit/ui-template-chord-release.test.ts:140:43
 ❯ tests/unit/ui-template-chord-release.test.ts:201:21
 ❯ ../../Rozw%C3%B3j%20gier/lockstate-1382-doc-anchor-2026-09-24/node_modules/.pnpm/@vitest+runner@4.1.11/node_modules/@vitest/runner/dist/chunk-artifact.js:302:11

This error originated in "tests/unit/ui-template-chord-release.test.ts" test file. It doesn't mean the error was thrown inside the file itself, but while it was running.

⎯⎯⎯⎯⎯ Uncaught Exception ⎯⎯⎯⎯⎯
ReferenceError: renderFeed is not defined
 ❯ Object.worldRevision tests/unit/ui-template-chord-release.test.ts:128:16
    126|     : selector === '.hud__corner' ? box(0, 0, 350 * uiScale, 130 * uiS…
    127|     : selector === '.hud-strip' ? box(0, 0, 1920, 130 * uiScale) : und…
    128|   const main = new Function('worldScene', 'roomTemplateTool', 'appRoot…
       |                ^
    129|     'screenToGround', 'groundToScreen', 'computeObliqueFit', 'TILE_SIZ…
    130|     `let reinstallPlanGhost = () => {}; let withdrawPlanGhost = () => …
 ❯ move src/ui/room-template-world-bridge.ts:51:39
 ❯ capture src/ui/room-template-world-bridge.ts:84:5
 ❯ ElementStub.pointerMove src/ui/room-template-world-bridge.ts:95:5
 ❯ ElementStub.[nodejs.internal.kHybridDispatch] node:internal/event_target:856:20
 ❯ ElementStub.dispatchEvent node:internal/event_target:789:26
 ❯ dispatch tests/unit/ui-template-chord-release.test.ts:92:98
 ❯ setup tests/unit/ui-template-chord-release.test.ts:140:3
 ❯ tests/unit/ui-template-chord-release.test.ts:219:21
 ❯ ../../Rozw%C3%B3j%20gier/lockstate-1382-doc-anchor-2026-09-24/node_modules/.pnpm/@vitest+runner@4.1.11/node_modules/@vitest/runner/dist/chunk-artifact.js:302:11

This error originated in "tests/unit/ui-template-chord-release.test.ts" test file. It doesn't mean the error was thrown inside the file itself, but while it was running.

⎯⎯⎯⎯⎯ Uncaught Exception ⎯⎯⎯⎯⎯
ReferenceError: renderFeed is not defined
 ❯ Object.worldRevision tests/unit/ui-template-chord-release.test.ts:128:16
    126|     : selector === '.hud__corner' ? box(0, 0, 350 * uiScale, 130 * uiS…
    127|     : selector === '.hud-strip' ? box(0, 0, 1920, 130 * uiScale) : und…
    128|   const main = new Function('worldScene', 'roomTemplateTool', 'appRoot…
       |                ^
    129|     'screenToGround', 'groundToScreen', 'computeObliqueFit', 'TILE_SIZ…
    130|     `let reinstallPlanGhost = () => {}; let withdrawPlanGhost = () => …
 ❯ move src/ui/room-template-world-bridge.ts:51:39
 ❯ capture src/ui/room-template-world-bridge.ts:84:5
 ❯ ElementStub.pointerDown src/ui/room-template-world-bridge.ts:112:9
 ❯ ElementStub.[nodejs.internal.kHybridDispatch] node:internal/event_target:856:20
 ❯ ElementStub.dispatchEvent node:internal/event_target:789:26
 ❯ dispatch tests/unit/ui-template-chord-release.test.ts:92:98
 ❯ setup tests/unit/ui-template-chord-release.test.ts:140:43
 ❯ tests/unit/ui-template-chord-release.test.ts:219:21
 ❯ ../../Rozw%C3%B3j%20gier/lockstate-1382-doc-anchor-2026-09-24/node_modules/.pnpm/@vitest+runner@4.1.11/node_modules/@vitest/runner/dist/chunk-artifact.js:302:11

This error originated in "tests/unit/ui-template-chord-release.test.ts" test file. It doesn't mean the error was thrown inside the file itself, but while it was running.

⎯⎯⎯⎯⎯ Uncaught Exception ⎯⎯⎯⎯⎯
ReferenceError: renderFeed is not defined
 ❯ Object.worldRevision tests/unit/ui-template-chord-release.test.ts:128:16
    126|     : selector === '.hud__corner' ? box(0, 0, 350 * uiScale, 130 * uiS…
    127|     : selector === '.hud-strip' ? box(0, 0, 1920, 130 * uiScale) : und…
    128|   const main = new Function('worldScene', 'roomTemplateTool', 'appRoot…
       |                ^
    129|     'screenToGround', 'groundToScreen', 'computeObliqueFit', 'TILE_SIZ…
    130|     `let reinstallPlanGhost = () => {}; let withdrawPlanGhost = () => …
 ❯ move src/ui/room-template-world-bridge.ts:51:39
 ❯ capture src/ui/room-template-world-bridge.ts:84:5
 ❯ ElementStub.pointerMove src/ui/room-template-world-bridge.ts:95:5
 ❯ ElementStub.[nodejs.internal.kHybridDispatch] node:internal/event_target:856:20
 ❯ ElementStub.dispatchEvent node:internal/event_target:789:26
 ❯ dispatch tests/unit/ui-template-chord-release.test.ts:92:98
 ❯ setup tests/unit/ui-template-chord-release.test.ts:140:3
 ❯ tests/unit/ui-template-chord-release.test.ts:201:21
 ❯ ../../Rozw%C3%B3j%20gier/lockstate-1382-doc-anchor-2026-09-24/node_modules/.pnpm/@vitest+runner@4.1.11/node_modules/@vitest/runner/dist/chunk-artifact.js:302:11

This error originated in "tests/unit/ui-template-chord-release.test.ts" test file. It doesn't mean the error was thrown inside the file itself, but while it was running.

⎯⎯⎯⎯⎯ Uncaught Exception ⎯⎯⎯⎯⎯
ReferenceError: renderFeed is not defined
 ❯ Object.worldRevision tests/unit/ui-template-chord-release.test.ts:128:16
    126|     : selector === '.hud__corner' ? box(0, 0, 350 * uiScale, 130 * uiS…
    127|     : selector === '.hud-strip' ? box(0, 0, 1920, 130 * uiScale) : und…
    128|   const main = new Function('worldScene', 'roomTemplateTool', 'appRoot…
       |                ^
    129|     'screenToGround', 'groundToScreen', 'computeObliqueFit', 'TILE_SIZ…
    130|     `let reinstallPlanGhost = () => {}; let withdrawPlanGhost = () => …
 ❯ move src/ui/room-template-world-bridge.ts:51:39
 ❯ capture src/ui/room-template-world-bridge.ts:84:5
 ❯ ElementStub.pointerDown src/ui/room-template-world-bridge.ts:112:9
 ❯ ElementStub.[nodejs.internal.kHybridDispatch] node:internal/event_target:856:20
 ❯ ElementStub.dispatchEvent node:internal/event_target:789:26
 ❯ dispatch tests/unit/ui-template-chord-release.test.ts:92:98
 ❯ setup tests/unit/ui-template-chord-release.test.ts:140:43
 ❯ tests/unit/ui-template-chord-release.test.ts:201:21
 ❯ ../../Rozw%C3%B3j%20gier/lockstate-1382-doc-anchor-2026-09-24/node_modules/.pnpm/@vitest+runner@4.1.11/node_modules/@vitest/runner/dist/chunk-artifact.js:302:11

This error originated in "tests/unit/ui-template-chord-release.test.ts" test file. It doesn't mean the error was thrown inside the file itself, but while it was running.

⎯⎯⎯⎯⎯ Uncaught Exception ⎯⎯⎯⎯⎯
ReferenceError: renderFeed is not defined
 ❯ Object.worldRevision tests/unit/ui-template-chord-release.test.ts:128:16
    126|     : selector === '.hud__corner' ? box(0, 0, 350 * uiScale, 130 * uiS…
    127|     : selector === '.hud-strip' ? box(0, 0, 1920, 130 * uiScale) : und…
    128|   const main = new Function('worldScene', 'roomTemplateTool', 'appRoot…
       |                ^
    129|     'screenToGround', 'groundToScreen', 'computeObliqueFit', 'TILE_SIZ…
    130|     `let reinstallPlanGhost = () => {}; let withdrawPlanGhost = () => …
 ❯ move src/ui/room-template-world-bridge.ts:51:39
 ❯ capture src/ui/room-template-world-bridge.ts:84:5
 ❯ ElementStub.pointerMove src/ui/room-template-world-bridge.ts:95:5
 ❯ ElementStub.[nodejs.internal.kHybridDispatch] node:internal/event_target:856:20
 ❯ ElementStub.dispatchEvent node:internal/event_target:789:26
 ❯ dispatch tests/unit/ui-template-chord-release.test.ts:92:98
 ❯ setup tests/unit/ui-template-chord-release.test.ts:140:3
 ❯ tests/unit/ui-template-chord-release.test.ts:219:21
 ❯ ../../Rozw%C3%B3j%20gier/lockstate-1382-doc-anchor-2026-09-24/node_modules/.pnpm/@vitest+runner@4.1.11/node_modules/@vitest/runner/dist/chunk-artifact.js:302:11

This error originated in "tests/unit/ui-template-chord-release.test.ts" test file. It doesn't mean the error was thrown inside the file itself, but while it was running.

⎯⎯⎯⎯⎯ Uncaught Exception ⎯⎯⎯⎯⎯
ReferenceError: renderFeed is not defined
 ❯ Object.worldRevision tests/unit/ui-template-chord-release.test.ts:128:16
    126|     : selector === '.hud__corner' ? box(0, 0, 350 * uiScale, 130 * uiS…
    127|     : selector === '.hud-strip' ? box(0, 0, 1920, 130 * uiScale) : und…
    128|   const main = new Function('worldScene', 'roomTemplateTool', 'appRoot…
       |                ^
    129|     'screenToGround', 'groundToScreen', 'computeObliqueFit', 'TILE_SIZ…
    130|     `let reinstallPlanGhost = () => {}; let withdrawPlanGhost = () => …
 ❯ move src/ui/room-template-world-bridge.ts:51:39
 ❯ capture src/ui/room-template-world-bridge.ts:84:5
 ❯ ElementStub.pointerDown src/ui/room-template-world-bridge.ts:112:9
 ❯ ElementStub.[nodejs.internal.kHybridDispatch] node:internal/event_target:856:20
 ❯ ElementStub.dispatchEvent node:internal/event_target:789:26
 ❯ dispatch tests/unit/ui-template-chord-release.test.ts:92:98
 ❯ setup tests/unit/ui-template-chord-release.test.ts:140:43
 ❯ tests/unit/ui-template-chord-release.test.ts:219:21
 ❯ ../../Rozw%C3%B3j%20gier/lockstate-1382-doc-anchor-2026-09-24/node_modules/.pnpm/@vitest+runner@4.1.11/node_modules/@vitest/runner/dist/chunk-artifact.js:302:11

This error originated in "tests/unit/ui-template-chord-release.test.ts" test file. It doesn't mean the error was thrown inside the file itself, but while it was running.

⎯⎯⎯⎯⎯ Uncaught Exception ⎯⎯⎯⎯⎯
ReferenceError: renderFeed is not defined
 ❯ Object.worldRevision tests/unit/ui-template-held-dialog-transform.test.ts:146:16
    144|     : selector === '.hud__corner' ? box(0, 0, 350 * uiScale, 130 * uiS…
    145|     : selector === '.hud-strip' ? box(0, 0, 1920, 130 * uiScale) : und…
    146|   const main = new Function('worldScene', 'roomTemplateTool', 'appRoot…
       |                ^
    147|     'screenToGround', 'groundToScreen', 'computeObliqueFit', 'TILE_SIZ…
    148|     `let reinstallPlanGhost = () => {}; let withdrawPlanGhost = () => …
 ❯ move src/ui/room-template-world-bridge.ts:51:39
 ❯ capture src/ui/room-template-world-bridge.ts:84:5
 ❯ ElementStub.pointerMove src/ui/room-template-world-bridge.ts:95:5
 ❯ ElementStub.[nodejs.internal.kHybridDispatch] node:internal/event_target:856:20
 ❯ ElementStub.dispatchEvent node:internal/event_target:789:26
 ❯ dispatch tests/unit/ui-template-held-dialog-transform.test.ts:103:98
 ❯ setup tests/unit/ui-template-held-dialog-transform.test.ts:158:3
 ❯ tests/unit/ui-template-held-dialog-transform.test.ts:232:21
 ❯ ../../Rozw%C3%B3j%20gier/lockstate-1382-doc-anchor-2026-09-24/node_modules/.pnpm/@vitest+runner@4.1.11/node_modules/@vitest/runner/dist/chunk-artifact.js:302:11

This error originated in "tests/unit/ui-template-held-dialog-transform.test.ts" test file. It doesn't mean the error was thrown inside the file itself, but while it was running.

⎯⎯⎯⎯⎯ Uncaught Exception ⎯⎯⎯⎯⎯
ReferenceError: renderFeed is not defined
 ❯ Object.worldRevision tests/unit/ui-template-held-dialog-transform.test.ts:146:16
    144|     : selector === '.hud__corner' ? box(0, 0, 350 * uiScale, 130 * uiS…
    145|     : selector === '.hud-strip' ? box(0, 0, 1920, 130 * uiScale) : und…
    146|   const main = new Function('worldScene', 'roomTemplateTool', 'appRoot…
       |                ^
    147|     'screenToGround', 'groundToScreen', 'computeObliqueFit', 'TILE_SIZ…
    148|     `let reinstallPlanGhost = () => {}; let withdrawPlanGhost = () => …
 ❯ move src/ui/room-template-world-bridge.ts:51:39
 ❯ capture src/ui/room-template-world-bridge.ts:84:5
 ❯ ElementStub.pointerDown src/ui/room-template-world-bridge.ts:112:9
 ❯ ElementStub.[nodejs.internal.kHybridDispatch] node:internal/event_target:856:20
 ❯ ElementStub.dispatchEvent node:internal/event_target:789:26
 ❯ dispatch tests/unit/ui-template-held-dialog-transform.test.ts:103:98
 ❯ setup tests/unit/ui-template-held-dialog-transform.test.ts:158:43
 ❯ tests/unit/ui-template-held-dialog-transform.test.ts:232:21
 ❯ ../../Rozw%C3%B3j%20gier/lockstate-1382-doc-anchor-2026-09-24/node_modules/.pnpm/@vitest+runner@4.1.11/node_modules/@vitest/runner/dist/chunk-artifact.js:302:11

This error originated in "tests/unit/ui-template-held-dialog-transform.test.ts" test file. It doesn't mean the error was thrown inside the file itself, but while it was running.

⎯⎯⎯⎯⎯ Uncaught Exception ⎯⎯⎯⎯⎯
ReferenceError: renderFeed is not defined
 ❯ Object.worldRevision tests/unit/ui-template-held-dialog-transform.test.ts:146:16
    144|     : selector === '.hud__corner' ? box(0, 0, 350 * uiScale, 130 * uiS…
    145|     : selector === '.hud-strip' ? box(0, 0, 1920, 130 * uiScale) : und…
    146|   const main = new Function('worldScene', 'roomTemplateTool', 'appRoot…
       |                ^
    147|     'screenToGround', 'groundToScreen', 'computeObliqueFit', 'TILE_SIZ…
    148|     `let reinstallPlanGhost = () => {}; let withdrawPlanGhost = () => …
 ❯ move src/ui/room-template-world-bridge.ts:51:39
 ❯ capture src/ui/room-template-world-bridge.ts:84:5
 ❯ ElementStub.pointerMove src/ui/room-template-world-bridge.ts:95:5
 ❯ ElementStub.[nodejs.internal.kHybridDispatch] node:internal/event_target:856:20
 ❯ ElementStub.dispatchEvent node:internal/event_target:789:26
 ❯ dispatch tests/unit/ui-template-held-dialog-transform.test.ts:103:98
 ❯ setup tests/unit/ui-template-held-dialog-transform.test.ts:158:3
 ❯ tests/unit/ui-template-held-dialog-transform.test.ts:232:21
 ❯ ../../Rozw%C3%B3j%20gier/lockstate-1382-doc-anchor-2026-09-24/node_modules/.pnpm/@vitest+runner@4.1.11/node_modules/@vitest/runner/dist/chunk-artifact.js:302:11

This error originated in "tests/unit/ui-template-held-dialog-transform.test.ts" test file. It doesn't mean the error was thrown inside the file itself, but while it was running.

⎯⎯⎯⎯⎯ Uncaught Exception ⎯⎯⎯⎯⎯
ReferenceError: renderFeed is not defined
 ❯ Object.worldRevision tests/unit/ui-template-held-dialog-transform.test.ts:146:16
    144|     : selector === '.hud__corner' ? box(0, 0, 350 * uiScale, 130 * uiS…
    145|     : selector === '.hud-strip' ? box(0, 0, 1920, 130 * uiScale) : und…
    146|   const main = new Function('worldScene', 'roomTemplateTool', 'appRoot…
       |                ^
    147|     'screenToGround', 'groundToScreen', 'computeObliqueFit', 'TILE_SIZ…
    148|     `let reinstallPlanGhost = () => {}; let withdrawPlanGhost = () => …
 ❯ move src/ui/room-template-world-bridge.ts:51:39
 ❯ capture src/ui/room-template-world-bridge.ts:84:5
 ❯ ElementStub.pointerDown src/ui/room-template-world-bridge.ts:112:9
 ❯ ElementStub.[nodejs.internal.kHybridDispatch] node:internal/event_target:856:20
 ❯ ElementStub.dispatchEvent node:internal/event_target:789:26
 ❯ dispatch tests/unit/ui-template-held-dialog-transform.test.ts:103:98
 ❯ setup tests/unit/ui-template-held-dialog-transform.test.ts:158:43
 ❯ tests/unit/ui-template-held-dialog-transform.test.ts:232:21
 ❯ ../../Rozw%C3%B3j%20gier/lockstate-1382-doc-anchor-2026-09-24/node_modules/.pnpm/@vitest+runner@4.1.11/node_modules/@vitest/runner/dist/chunk-artifact.js:302:11

This error originated in "tests/unit/ui-template-held-dialog-transform.test.ts" test file. It doesn't mean the error was thrown inside the file itself, but while it was running.

⎯⎯⎯⎯⎯ Uncaught Exception ⎯⎯⎯⎯⎯
ReferenceError: renderFeed is not defined
 ❯ Object.worldRevision tests/unit/ui-template-held-dialog-transform.test.ts:146:16
    144|     : selector === '.hud__corner' ? box(0, 0, 350 * uiScale, 130 * uiS…
    145|     : selector === '.hud-strip' ? box(0, 0, 1920, 130 * uiScale) : und…
    146|   const main = new Function('worldScene', 'roomTemplateTool', 'appRoot…
       |                ^
    147|     'screenToGround', 'groundToScreen', 'computeObliqueFit', 'TILE_SIZ…
    148|     `let reinstallPlanGhost = () => {}; let withdrawPlanGhost = () => …
 ❯ move src/ui/room-template-world-bridge.ts:51:39
 ❯ capture src/ui/room-template-world-bridge.ts:84:5
 ❯ ElementStub.pointerMove src/ui/room-template-world-bridge.ts:95:5
 ❯ ElementStub.[nodejs.internal.kHybridDispatch] node:internal/event_target:856:20
 ❯ ElementStub.dispatchEvent node:internal/event_target:789:26
 ❯ dispatch tests/unit/ui-template-held-dialog-transform.test.ts:103:98
 ❯ setup tests/unit/ui-template-held-dialog-transform.test.ts:158:3
 ❯ tests/unit/ui-template-held-dialog-transform.test.ts:232:21
 ❯ ../../Rozw%C3%B3j%20gier/lockstate-1382-doc-anchor-2026-09-24/node_modules/.pnpm/@vitest+runner@4.1.11/node_modules/@vitest/runner/dist/chunk-artifact.js:302:11

This error originated in "tests/unit/ui-template-held-dialog-transform.test.ts" test file. It doesn't mean the error was thrown inside the file itself, but while it was running.

⎯⎯⎯⎯⎯ Uncaught Exception ⎯⎯⎯⎯⎯
ReferenceError: renderFeed is not defined
 ❯ Object.worldRevision tests/unit/ui-template-held-dialog-transform.test.ts:146:16
    144|     : selector === '.hud__corner' ? box(0, 0, 350 * uiScale, 130 * uiS…
    145|     : selector === '.hud-strip' ? box(0, 0, 1920, 130 * uiScale) : und…
    146|   const main = new Function('worldScene', 'roomTemplateTool', 'appRoot…
       |                ^
    147|     'screenToGround', 'groundToScreen', 'computeObliqueFit', 'TILE_SIZ…
    148|     `let reinstallPlanGhost = () => {}; let withdrawPlanGhost = () => …
 ❯ move src/ui/room-template-world-bridge.ts:51:39
 ❯ capture src/ui/room-template-world-bridge.ts:84:5
 ❯ ElementStub.pointerDown src/ui/room-template-world-bridge.ts:112:9
 ❯ ElementStub.[nodejs.internal.kHybridDispatch] node:internal/event_target:856:20
 ❯ ElementStub.dispatchEvent node:internal/event_target:789:26
 ❯ dispatch tests/unit/ui-template-held-dialog-transform.test.ts:103:98
 ❯ setup tests/unit/ui-template-held-dialog-transform.test.ts:158:43
 ❯ tests/unit/ui-template-held-dialog-transform.test.ts:232:21
 ❯ ../../Rozw%C3%B3j%20gier/lockstate-1382-doc-anchor-2026-09-24/node_modules/.pnpm/@vitest+runner@4.1.11/node_modules/@vitest/runner/dist/chunk-artifact.js:302:11

This error originated in "tests/unit/ui-template-held-dialog-transform.test.ts" test file. It doesn't mean the error was thrown inside the file itself, but while it was running.

⎯⎯⎯⎯⎯ Uncaught Exception ⎯⎯⎯⎯⎯
ReferenceError: renderFeed is not defined
 ❯ Object.worldRevision tests/unit/ui-template-held-dialog-transform.test.ts:146:16
    144|     : selector === '.hud__corner' ? box(0, 0, 350 * uiScale, 130 * uiS…
    145|     : selector === '.hud-strip' ? box(0, 0, 1920, 130 * uiScale) : und…
    146|   const main = new Function('worldScene', 'roomTemplateTool', 'appRoot…
       |                ^
    147|     'screenToGround', 'groundToScreen', 'computeObliqueFit', 'TILE_SIZ…
    148|     `let reinstallPlanGhost = () => {}; let withdrawPlanGhost = () => …
 ❯ move src/ui/room-template-world-bridge.ts:51:39
 ❯ capture src/ui/room-template-world-bridge.ts:84:5
 ❯ ElementStub.pointerMove src/ui/room-template-world-bridge.ts:95:5
 ❯ ElementStub.[nodejs.internal.kHybridDispatch] node:internal/event_target:856:20
 ❯ ElementStub.dispatchEvent node:internal/event_target:789:26
 ❯ dispatch tests/unit/ui-template-held-dialog-transform.test.ts:103:98
 ❯ setup tests/unit/ui-template-held-dialog-transform.test.ts:158:3
 ❯ tests/unit/ui-template-held-dialog-transform.test.ts:250:21
 ❯ ../../Rozw%C3%B3j%20gier/lockstate-1382-doc-anchor-2026-09-24/node_modules/.pnpm/@vitest+runner@4.1.11/node_modules/@vitest/runner/dist/chunk-artifact.js:302:11

This error originated in "tests/unit/ui-template-held-dialog-transform.test.ts" test file. It doesn't mean the error was thrown inside the file itself, but while it was running.

⎯⎯⎯⎯⎯ Uncaught Exception ⎯⎯⎯⎯⎯
ReferenceError: renderFeed is not defined
 ❯ Object.worldRevision tests/unit/ui-template-held-dialog-transform.test.ts:146:16
    144|     : selector === '.hud__corner' ? box(0, 0, 350 * uiScale, 130 * uiS…
    145|     : selector === '.hud-strip' ? box(0, 0, 1920, 130 * uiScale) : und…
    146|   const main = new Function('worldScene', 'roomTemplateTool', 'appRoot…
       |                ^
    147|     'screenToGround', 'groundToScreen', 'computeObliqueFit', 'TILE_SIZ…
    148|     `let reinstallPlanGhost = () => {}; let withdrawPlanGhost = () => …
 ❯ move src/ui/room-template-world-bridge.ts:51:39
 ❯ capture src/ui/room-template-world-bridge.ts:84:5
 ❯ ElementStub.pointerDown src/ui/room-template-world-bridge.ts:112:9
 ❯ ElementStub.[nodejs.internal.kHybridDispatch] node:internal/event_target:856:20
 ❯ ElementStub.dispatchEvent node:internal/event_target:789:26
 ❯ dispatch tests/unit/ui-template-held-dialog-transform.test.ts:103:98
 ❯ setup tests/unit/ui-template-held-dialog-transform.test.ts:158:43
 ❯ tests/unit/ui-template-held-dialog-transform.test.ts:250:21
 ❯ ../../Rozw%C3%B3j%20gier/lockstate-1382-doc-anchor-2026-09-24/node_modules/.pnpm/@vitest+runner@4.1.11/node_modules/@vitest/runner/dist/chunk-artifact.js:302:11

This error originated in "tests/unit/ui-template-held-dialog-transform.test.ts" test file. It doesn't mean the error was thrown inside the file itself, but while it was running.

⎯⎯⎯⎯⎯ Uncaught Exception ⎯⎯⎯⎯⎯
ReferenceError: renderFeed is not defined
 ❯ Object.worldRevision tests/unit/ui-template-held-dialog-transform.test.ts:146:16
    144|     : selector === '.hud__corner' ? box(0, 0, 350 * uiScale, 130 * uiS…
    145|     : selector === '.hud-strip' ? box(0, 0, 1920, 130 * uiScale) : und…
    146|   const main = new Function('worldScene', 'roomTemplateTool', 'appRoot…
       |                ^
    147|     'screenToGround', 'groundToScreen', 'computeObliqueFit', 'TILE_SIZ…
    148|     `let reinstallPlanGhost = () => {}; let withdrawPlanGhost = () => …
 ❯ move src/ui/room-template-world-bridge.ts:51:39
 ❯ capture src/ui/room-template-world-bridge.ts:84:5
 ❯ ElementStub.pointerMove src/ui/room-template-world-bridge.ts:95:5
 ❯ ElementStub.[nodejs.internal.kHybridDispatch] node:internal/event_target:856:20
 ❯ ElementStub.dispatchEvent node:internal/event_target:789:26
 ❯ dispatch tests/unit/ui-template-held-dialog-transform.test.ts:103:98
 ❯ setup tests/unit/ui-template-held-dialog-transform.test.ts:158:3
 ❯ tests/unit/ui-template-held-dialog-transform.test.ts:232:21
 ❯ ../../Rozw%C3%B3j%20gier/lockstate-1382-doc-anchor-2026-09-24/node_modules/.pnpm/@vitest+runner@4.1.11/node_modules/@vitest/runner/dist/chunk-artifact.js:302:11

This error originated in "tests/unit/ui-template-held-dialog-transform.test.ts" test file. It doesn't mean the error was thrown inside the file itself, but while it was running.

⎯⎯⎯⎯⎯ Uncaught Exception ⎯⎯⎯⎯⎯
ReferenceError: renderFeed is not defined
 ❯ Object.worldRevision tests/unit/ui-template-held-dialog-transform.test.ts:146:16
    144|     : selector === '.hud__corner' ? box(0, 0, 350 * uiScale, 130 * uiS…
    145|     : selector === '.hud-strip' ? box(0, 0, 1920, 130 * uiScale) : und…
    146|   const main = new Function('worldScene', 'roomTemplateTool', 'appRoot…
       |                ^
    147|     'screenToGround', 'groundToScreen', 'computeObliqueFit', 'TILE_SIZ…
    148|     `let reinstallPlanGhost = () => {}; let withdrawPlanGhost = () => …
 ❯ move src/ui/room-template-world-bridge.ts:51:39
 ❯ capture src/ui/room-template-world-bridge.ts:84:5
 ❯ ElementStub.pointerDown src/ui/room-template-world-bridge.ts:112:9
 ❯ ElementStub.[nodejs.internal.kHybridDispatch] node:internal/event_target:856:20
 ❯ ElementStub.dispatchEvent node:internal/event_target:789:26
 ❯ dispatch tests/unit/ui-template-held-dialog-transform.test.ts:103:98
 ❯ setup tests/unit/ui-template-held-dialog-transform.test.ts:158:43
 ❯ tests/unit/ui-template-held-dialog-transform.test.ts:232:21
 ❯ ../../Rozw%C3%B3j%20gier/lockstate-1382-doc-anchor-2026-09-24/node_modules/.pnpm/@vitest+runner@4.1.11/node_modules/@vitest/runner/dist/chunk-artifact.js:302:11

This error originated in "tests/unit/ui-template-held-dialog-transform.test.ts" test file. It doesn't mean the error was thrown inside the file itself, but while it was running.

⎯⎯⎯⎯⎯ Uncaught Exception ⎯⎯⎯⎯⎯
ReferenceError: renderFeed is not defined
 ❯ Object.worldRevision tests/unit/ui-template-held-dialog-transform.test.ts:146:16
    144|     : selector === '.hud__corner' ? box(0, 0, 350 * uiScale, 130 * uiS…
    145|     : selector === '.hud-strip' ? box(0, 0, 1920, 130 * uiScale) : und…
    146|   const main = new Function('worldScene', 'roomTemplateTool', 'appRoot…
       |                ^
    147|     'screenToGround', 'groundToScreen', 'computeObliqueFit', 'TILE_SIZ…
    148|     `let reinstallPlanGhost = () => {}; let withdrawPlanGhost = () => …
 ❯ move src/ui/room-template-world-bridge.ts:51:39
 ❯ capture src/ui/room-template-world-bridge.ts:84:5
 ❯ ElementStub.pointerMove src/ui/room-template-world-bridge.ts:95:5
 ❯ ElementStub.[nodejs.internal.kHybridDispatch] node:internal/event_target:856:20
 ❯ ElementStub.dispatchEvent node:internal/event_target:789:26
 ❯ dispatch tests/unit/ui-template-held-dialog-transform.test.ts:103:98
 ❯ setup tests/unit/ui-template-held-dialog-transform.test.ts:158:3
 ❯ tests/unit/ui-template-held-dialog-transform.test.ts:232:21
 ❯ ../../Rozw%C3%B3j%20gier/lockstate-1382-doc-anchor-2026-09-24/node_modules/.pnpm/@vitest+runner@4.1.11/node_modules/@vitest/runner/dist/chunk-artifact.js:302:11

This error originated in "tests/unit/ui-template-held-dialog-transform.test.ts" test file. It doesn't mean the error was thrown inside the file itself, but while it was running.

⎯⎯⎯⎯⎯ Uncaught Exception ⎯⎯⎯⎯⎯
ReferenceError: renderFeed is not defined
 ❯ Object.worldRevision tests/unit/ui-template-held-dialog-transform.test.ts:146:16
    144|     : selector === '.hud__corner' ? box(0, 0, 350 * uiScale, 130 * uiS…
    145|     : selector === '.hud-strip' ? box(0, 0, 1920, 130 * uiScale) : und…
    146|   const main = new Function('worldScene', 'roomTemplateTool', 'appRoot…
       |                ^
    147|     'screenToGround', 'groundToScreen', 'computeObliqueFit', 'TILE_SIZ…
    148|     `let reinstallPlanGhost = () => {}; let withdrawPlanGhost = () => …
 ❯ move src/ui/room-template-world-bridge.ts:51:39
 ❯ capture src/ui/room-template-world-bridge.ts:84:5
 ❯ ElementStub.pointerDown src/ui/room-template-world-bridge.ts:112:9
 ❯ ElementStub.[nodejs.internal.kHybridDispatch] node:internal/event_target:856:20
 ❯ ElementStub.dispatchEvent node:internal/event_target:789:26
 ❯ dispatch tests/unit/ui-template-held-dialog-transform.test.ts:103:98
 ❯ setup tests/unit/ui-template-held-dialog-transform.test.ts:158:43
 ❯ tests/unit/ui-template-held-dialog-transform.test.ts:232:21
 ❯ ../../Rozw%C3%B3j%20gier/lockstate-1382-doc-anchor-2026-09-24/node_modules/.pnpm/@vitest+runner@4.1.11/node_modules/@vitest/runner/dist/chunk-artifact.js:302:11

This error originated in "tests/unit/ui-template-held-dialog-transform.test.ts" test file. It doesn't mean the error was thrown inside the file itself, but while it was running.

⎯⎯⎯⎯⎯ Uncaught Exception ⎯⎯⎯⎯⎯
ReferenceError: renderFeed is not defined
 ❯ Object.worldRevision tests/unit/ui-template-held-dialog-transform.test.ts:146:16
    144|     : selector === '.hud__corner' ? box(0, 0, 350 * uiScale, 130 * uiS…
    145|     : selector === '.hud-strip' ? box(0, 0, 1920, 130 * uiScale) : und…
    146|   const main = new Function('worldScene', 'roomTemplateTool', 'appRoot…
       |                ^
    147|     'screenToGround', 'groundToScreen', 'computeObliqueFit', 'TILE_SIZ…
    148|     `let reinstallPlanGhost = () => {}; let withdrawPlanGhost = () => …
 ❯ move src/ui/room-template-world-bridge.ts:51:39
 ❯ capture src/ui/room-template-world-bridge.ts:84:5
 ❯ ElementStub.pointerMove src/ui/room-template-world-bridge.ts:95:5
 ❯ ElementStub.[nodejs.internal.kHybridDispatch] node:internal/event_target:856:20
 ❯ ElementStub.dispatchEvent node:internal/event_target:789:26
 ❯ dispatch tests/unit/ui-template-held-dialog-transform.test.ts:103:98
 ❯ setup tests/unit/ui-template-held-dialog-transform.test.ts:158:3
 ❯ tests/unit/ui-template-held-dialog-transform.test.ts:232:21
 ❯ ../../Rozw%C3%B3j%20gier/lockstate-1382-doc-anchor-2026-09-24/node_modules/.pnpm/@vitest+runner@4.1.11/node_modules/@vitest/runner/dist/chunk-artifact.js:302:11

This error originated in "tests/unit/ui-template-held-dialog-transform.test.ts" test file. It doesn't mean the error was thrown inside the file itself, but while it was running.

⎯⎯⎯⎯⎯ Uncaught Exception ⎯⎯⎯⎯⎯
ReferenceError: renderFeed is not defined
 ❯ Object.worldRevision tests/unit/ui-template-held-dialog-transform.test.ts:146:16
    144|     : selector === '.hud__corner' ? box(0, 0, 350 * uiScale, 130 * uiS…
    145|     : selector === '.hud-strip' ? box(0, 0, 1920, 130 * uiScale) : und…
    146|   const main = new Function('worldScene', 'roomTemplateTool', 'appRoot…
       |                ^
    147|     'screenToGround', 'groundToScreen', 'computeObliqueFit', 'TILE_SIZ…
    148|     `let reinstallPlanGhost = () => {}; let withdrawPlanGhost = () => …
 ❯ move src/ui/room-template-world-bridge.ts:51:39
 ❯ capture src/ui/room-template-world-bridge.ts:84:5
 ❯ ElementStub.pointerDown src/ui/room-template-world-bridge.ts:112:9
 ❯ ElementStub.[nodejs.internal.kHybridDispatch] node:internal/event_target:856:20
 ❯ ElementStub.dispatchEvent node:internal/event_target:789:26
 ❯ dispatch tests/unit/ui-template-held-dialog-transform.test.ts:103:98
 ❯ setup tests/unit/ui-template-held-dialog-transform.test.ts:158:43
 ❯ tests/unit/ui-template-held-dialog-transform.test.ts:232:21
 ❯ ../../Rozw%C3%B3j%20gier/lockstate-1382-doc-anchor-2026-09-24/node_modules/.pnpm/@vitest+runner@4.1.11/node_modules/@vitest/runner/dist/chunk-artifact.js:302:11

This error originated in "tests/unit/ui-template-held-dialog-transform.test.ts" test file. It doesn't mean the error was thrown inside the file itself, but while it was running.

⎯⎯⎯⎯⎯ Uncaught Exception ⎯⎯⎯⎯⎯
ReferenceError: renderFeed is not defined
 ❯ Object.worldRevision tests/unit/ui-template-held-dialog-transform.test.ts:146:16
    144|     : selector === '.hud__corner' ? box(0, 0, 350 * uiScale, 130 * uiS…
    145|     : selector === '.hud-strip' ? box(0, 0, 1920, 130 * uiScale) : und…
    146|   const main = new Function('worldScene', 'roomTemplateTool', 'appRoot…
       |                ^
    147|     'screenToGround', 'groundToScreen', 'computeObliqueFit', 'TILE_SIZ…
    148|     `let reinstallPlanGhost = () => {}; let withdrawPlanGhost = () => …
 ❯ move src/ui/room-template-world-bridge.ts:51:39
 ❯ capture src/ui/room-template-world-bridge.ts:84:5
 ❯ ElementStub.pointerMove src/ui/room-template-world-bridge.ts:95:5
 ❯ ElementStub.[nodejs.internal.kHybridDispatch] node:internal/event_target:856:20
 ❯ ElementStub.dispatchEvent node:internal/event_target:789:26
 ❯ dispatch tests/unit/ui-template-held-dialog-transform.test.ts:103:98
 ❯ setup tests/unit/ui-template-held-dialog-transform.test.ts:158:3
 ❯ tests/unit/ui-template-held-dialog-transform.test.ts:250:21
 ❯ ../../Rozw%C3%B3j%20gier/lockstate-1382-doc-anchor-2026-09-24/node_modules/.pnpm/@vitest+runner@4.1.11/node_modules/@vitest/runner/dist/chunk-artifact.js:302:11

This error originated in "tests/unit/ui-template-held-dialog-transform.test.ts" test file. It doesn't mean the error was thrown inside the file itself, but while it was running.

⎯⎯⎯⎯⎯ Uncaught Exception ⎯⎯⎯⎯⎯
ReferenceError: renderFeed is not defined
 ❯ Object.worldRevision tests/unit/ui-template-held-dialog-transform.test.ts:146:16
    144|     : selector === '.hud__corner' ? box(0, 0, 350 * uiScale, 130 * uiS…
    145|     : selector === '.hud-strip' ? box(0, 0, 1920, 130 * uiScale) : und…
    146|   const main = new Function('worldScene', 'roomTemplateTool', 'appRoot…
       |                ^
    147|     'screenToGround', 'groundToScreen', 'computeObliqueFit', 'TILE_SIZ…
    148|     `let reinstallPlanGhost = () => {}; let withdrawPlanGhost = () => …
 ❯ move src/ui/room-template-world-bridge.ts:51:39
 ❯ capture src/ui/room-template-world-bridge.ts:84:5
 ❯ ElementStub.pointerDown src/ui/room-template-world-bridge.ts:112:9
 ❯ ElementStub.[nodejs.internal.kHybridDispatch] node:internal/event_target:856:20
 ❯ ElementStub.dispatchEvent node:internal/event_target:789:26
 ❯ dispatch tests/unit/ui-template-held-dialog-transform.test.ts:103:98
 ❯ setup tests/unit/ui-template-held-dialog-transform.test.ts:158:43
 ❯ tests/unit/ui-template-held-dialog-transform.test.ts:250:21
 ❯ ../../Rozw%C3%B3j%20gier/lockstate-1382-doc-anchor-2026-09-24/node_modules/.pnpm/@vitest+runner@4.1.11/node_modules/@vitest/runner/dist/chunk-artifact.js:302:11

This error originated in "tests/unit/ui-template-held-dialog-transform.test.ts" test file. It doesn't mean the error was thrown inside the file itself, but while it was running.

⎯⎯⎯⎯⎯ Uncaught Exception ⎯⎯⎯⎯⎯
ReferenceError: renderFeed is not defined
 ❯ Object.worldRevision tests/unit/ui-template-held-dialog-transform.test.ts:146:16
    144|     : selector === '.hud__corner' ? box(0, 0, 350 * uiScale, 130 * uiS…
    145|     : selector === '.hud-strip' ? box(0, 0, 1920, 130 * uiScale) : und…
    146|   const main = new Function('worldScene', 'roomTemplateTool', 'appRoot…
       |                ^
    147|     'screenToGround', 'groundToScreen', 'computeObliqueFit', 'TILE_SIZ…
    148|     `let reinstallPlanGhost = () => {}; let withdrawPlanGhost = () => …
 ❯ move src/ui/room-template-world-bridge.ts:51:39
 ❯ capture src/ui/room-template-world-bridge.ts:84:5
 ❯ ElementStub.pointerMove src/ui/room-template-world-bridge.ts:95:5
 ❯ ElementStub.[nodejs.internal.kHybridDispatch] node:internal/event_target:856:20
 ❯ ElementStub.dispatchEvent node:internal/event_target:789:26
 ❯ dispatch tests/unit/ui-template-held-dialog-transform.test.ts:103:98
 ❯ setup tests/unit/ui-template-held-dialog-transform.test.ts:158:3
 ❯ tests/unit/ui-template-held-dialog-transform.test.ts:232:21
 ❯ ../../Rozw%C3%B3j%20gier/lockstate-1382-doc-anchor-2026-09-24/node_modules/.pnpm/@vitest+runner@4.1.11/node_modules/@vitest/runner/dist/chunk-artifact.js:302:11

This error originated in "tests/unit/ui-template-held-dialog-transform.test.ts" test file. It doesn't mean the error was thrown inside the file itself, but while it was running.

⎯⎯⎯⎯⎯ Uncaught Exception ⎯⎯⎯⎯⎯
ReferenceError: renderFeed is not defined
 ❯ Object.worldRevision tests/unit/ui-template-held-dialog-transform.test.ts:146:16
    144|     : selector === '.hud__corner' ? box(0, 0, 350 * uiScale, 130 * uiS…
    145|     : selector === '.hud-strip' ? box(0, 0, 1920, 130 * uiScale) : und…
    146|   const main = new Function('worldScene', 'roomTemplateTool', 'appRoot…
       |                ^
    147|     'screenToGround', 'groundToScreen', 'computeObliqueFit', 'TILE_SIZ…
    148|     `let reinstallPlanGhost = () => {}; let withdrawPlanGhost = () => …
 ❯ move src/ui/room-template-world-bridge.ts:51:39
 ❯ capture src/ui/room-template-world-bridge.ts:84:5
 ❯ ElementStub.pointerDown src/ui/room-template-world-bridge.ts:112:9
 ❯ ElementStub.[nodejs.internal.kHybridDispatch] node:internal/event_target:856:20
 ❯ ElementStub.dispatchEvent node:internal/event_target:789:26
 ❯ dispatch tests/unit/ui-template-held-dialog-transform.test.ts:103:98
 ❯ setup tests/unit/ui-template-held-dialog-transform.test.ts:158:43
 ❯ tests/unit/ui-template-held-dialog-transform.test.ts:232:21
 ❯ ../../Rozw%C3%B3j%20gier/lockstate-1382-doc-anchor-2026-09-24/node_modules/.pnpm/@vitest+runner@4.1.11/node_modules/@vitest/runner/dist/chunk-artifact.js:302:11

This error originated in "tests/unit/ui-template-held-dialog-transform.test.ts" test file. It doesn't mean the error was thrown inside the file itself, but while it was running.

⎯⎯⎯⎯⎯ Uncaught Exception ⎯⎯⎯⎯⎯
ReferenceError: renderFeed is not defined
 ❯ Object.worldRevision tests/unit/ui-template-held-dialog-transform.test.ts:146:16
    144|     : selector === '.hud__corner' ? box(0, 0, 350 * uiScale, 130 * uiS…
    145|     : selector === '.hud-strip' ? box(0, 0, 1920, 130 * uiScale) : und…
    146|   const main = new Function('worldScene', 'roomTemplateTool', 'appRoot…
       |                ^
    147|     'screenToGround', 'groundToScreen', 'computeObliqueFit', 'TILE_SIZ…
    148|     `let reinstallPlanGhost = () => {}; let withdrawPlanGhost = () => …
 ❯ move src/ui/room-template-world-bridge.ts:51:39
 ❯ capture src/ui/room-template-world-bridge.ts:84:5
 ❯ ElementStub.pointerMove src/ui/room-template-world-bridge.ts:95:5
 ❯ ElementStub.[nodejs.internal.kHybridDispatch] node:internal/event_target:856:20
 ❯ ElementStub.dispatchEvent node:internal/event_target:789:26
 ❯ dispatch tests/unit/ui-template-held-dialog-transform.test.ts:103:98
 ❯ setup tests/unit/ui-template-held-dialog-transform.test.ts:158:3
 ❯ tests/unit/ui-template-held-dialog-transform.test.ts:232:21
 ❯ ../../Rozw%C3%B3j%20gier/lockstate-1382-doc-anchor-2026-09-24/node_modules/.pnpm/@vitest+runner@4.1.11/node_modules/@vitest/runner/dist/chunk-artifact.js:302:11

This error originated in "tests/unit/ui-template-held-dialog-transform.test.ts" test file. It doesn't mean the error was thrown inside the file itself, but while it was running.

⎯⎯⎯⎯⎯ Uncaught Exception ⎯⎯⎯⎯⎯
ReferenceError: renderFeed is not defined
 ❯ Object.worldRevision tests/unit/ui-template-held-dialog-transform.test.ts:146:16
    144|     : selector === '.hud__corner' ? box(0, 0, 350 * uiScale, 130 * uiS…
    145|     : selector === '.hud-strip' ? box(0, 0, 1920, 130 * uiScale) : und…
    146|   const main = new Function('worldScene', 'roomTemplateTool', 'appRoot…
       |                ^
    147|     'screenToGround', 'groundToScreen', 'computeObliqueFit', 'TILE_SIZ…
    148|     `let reinstallPlanGhost = () => {}; let withdrawPlanGhost = () => …
 ❯ move src/ui/room-template-world-bridge.ts:51:39
 ❯ capture src/ui/room-template-world-bridge.ts:84:5
 ❯ ElementStub.pointerDown src/ui/room-template-world-bridge.ts:112:9
 ❯ ElementStub.[nodejs.internal.kHybridDispatch] node:internal/event_target:856:20
 ❯ ElementStub.dispatchEvent node:internal/event_target:789:26
 ❯ dispatch tests/unit/ui-template-held-dialog-transform.test.ts:103:98
 ❯ setup tests/unit/ui-template-held-dialog-transform.test.ts:158:43
 ❯ tests/unit/ui-template-held-dialog-transform.test.ts:232:21
 ❯ ../../Rozw%C3%B3j%20gier/lockstate-1382-doc-anchor-2026-09-24/node_modules/.pnpm/@vitest+runner@4.1.11/node_modules/@vitest/runner/dist/chunk-artifact.js:302:11

This error originated in "tests/unit/ui-template-held-dialog-transform.test.ts" test file. It doesn't mean the error was thrown inside the file itself, but while it was running.

⎯⎯⎯⎯⎯ Uncaught Exception ⎯⎯⎯⎯⎯
ReferenceError: renderFeed is not defined
 ❯ Object.worldRevision tests/unit/ui-template-held-dialog-transform.test.ts:146:16
    144|     : selector === '.hud__corner' ? box(0, 0, 350 * uiScale, 130 * uiS…
    145|     : selector === '.hud-strip' ? box(0, 0, 1920, 130 * uiScale) : und…
    146|   const main = new Function('worldScene', 'roomTemplateTool', 'appRoot…
       |                ^
    147|     'screenToGround', 'groundToScreen', 'computeObliqueFit', 'TILE_SIZ…
    148|     `let reinstallPlanGhost = () => {}; let withdrawPlanGhost = () => …
 ❯ move src/ui/room-template-world-bridge.ts:51:39
 ❯ capture src/ui/room-template-world-bridge.ts:84:5
 ❯ ElementStub.pointerMove src/ui/room-template-world-bridge.ts:95:5
 ❯ ElementStub.[nodejs.internal.kHybridDispatch] node:internal/event_target:856:20
 ❯ ElementStub.dispatchEvent node:internal/event_target:789:26
 ❯ dispatch tests/unit/ui-template-held-dialog-transform.test.ts:103:98
 ❯ setup tests/unit/ui-template-held-dialog-transform.test.ts:158:3
 ❯ tests/unit/ui-template-held-dialog-transform.test.ts:232:21
 ❯ ../../Rozw%C3%B3j%20gier/lockstate-1382-doc-anchor-2026-09-24/node_modules/.pnpm/@vitest+runner@4.1.11/node_modules/@vitest/runner/dist/chunk-artifact.js:302:11

This error originated in "tests/unit/ui-template-held-dialog-transform.test.ts" test file. It doesn't mean the error was thrown inside the file itself, but while it was running.

⎯⎯⎯⎯⎯ Uncaught Exception ⎯⎯⎯⎯⎯
ReferenceError: renderFeed is not defined
 ❯ Object.worldRevision tests/unit/ui-template-held-dialog-transform.test.ts:146:16
    144|     : selector === '.hud__corner' ? box(0, 0, 350 * uiScale, 130 * uiS…
    145|     : selector === '.hud-strip' ? box(0, 0, 1920, 130 * uiScale) : und…
    146|   const main = new Function('worldScene', 'roomTemplateTool', 'appRoot…
       |                ^
    147|     'screenToGround', 'groundToScreen', 'computeObliqueFit', 'TILE_SIZ…
    148|     `let reinstallPlanGhost = () => {}; let withdrawPlanGhost = () => …
 ❯ move src/ui/room-template-world-bridge.ts:51:39
 ❯ capture src/ui/room-template-world-bridge.ts:84:5
 ❯ ElementStub.pointerDown src/ui/room-template-world-bridge.ts:112:9
 ❯ ElementStub.[nodejs.internal.kHybridDispatch] node:internal/event_target:856:20
 ❯ ElementStub.dispatchEvent node:internal/event_target:789:26
 ❯ dispatch tests/unit/ui-template-held-dialog-transform.test.ts:103:98
 ❯ setup tests/unit/ui-template-held-dialog-transform.test.ts:158:43
 ❯ tests/unit/ui-template-held-dialog-transform.test.ts:232:21
 ❯ ../../Rozw%C3%B3j%20gier/lockstate-1382-doc-anchor-2026-09-24/node_modules/.pnpm/@vitest+runner@4.1.11/node_modules/@vitest/runner/dist/chunk-artifact.js:302:11

This error originated in "tests/unit/ui-template-held-dialog-transform.test.ts" test file. It doesn't mean the error was thrown inside the file itself, but while it was running.

⎯⎯⎯⎯⎯ Uncaught Exception ⎯⎯⎯⎯⎯
ReferenceError: renderFeed is not defined
 ❯ Object.worldRevision tests/unit/ui-template-held-dialog-transform.test.ts:146:16
    144|     : selector === '.hud__corner' ? box(0, 0, 350 * uiScale, 130 * uiS…
    145|     : selector === '.hud-strip' ? box(0, 0, 1920, 130 * uiScale) : und…
    146|   const main = new Function('worldScene', 'roomTemplateTool', 'appRoot…
       |                ^
    147|     'screenToGround', 'groundToScreen', 'computeObliqueFit', 'TILE_SIZ…
    148|     `let reinstallPlanGhost = () => {}; let withdrawPlanGhost = () => …
 ❯ move src/ui/room-template-world-bridge.ts:51:39
 ❯ capture src/ui/room-template-world-bridge.ts:84:5
 ❯ ElementStub.pointerMove src/ui/room-template-world-bridge.ts:95:5
 ❯ ElementStub.[nodejs.internal.kHybridDispatch] node:internal/event_target:856:20
 ❯ ElementStub.dispatchEvent node:internal/event_target:789:26
 ❯ dispatch tests/unit/ui-template-held-dialog-transform.test.ts:103:98
 ❯ setup tests/unit/ui-template-held-dialog-transform.test.ts:158:3
 ❯ tests/unit/ui-template-held-dialog-transform.test.ts:250:21
 ❯ ../../Rozw%C3%B3j%20gier/lockstate-1382-doc-anchor-2026-09-24/node_modules/.pnpm/@vitest+runner@4.1.11/node_modules/@vitest/runner/dist/chunk-artifact.js:302:11

This error originated in "tests/unit/ui-template-held-dialog-transform.test.ts" test file. It doesn't mean the error was thrown inside the file itself, but while it was running.

⎯⎯⎯⎯⎯ Uncaught Exception ⎯⎯⎯⎯⎯
ReferenceError: renderFeed is not defined
 ❯ Object.worldRevision tests/unit/ui-template-held-dialog-transform.test.ts:146:16
    144|     : selector === '.hud__corner' ? box(0, 0, 350 * uiScale, 130 * uiS…
    145|     : selector === '.hud-strip' ? box(0, 0, 1920, 130 * uiScale) : und…
    146|   const main = new Function('worldScene', 'roomTemplateTool', 'appRoot…
       |                ^
    147|     'screenToGround', 'groundToScreen', 'computeObliqueFit', 'TILE_SIZ…
    148|     `let reinstallPlanGhost = () => {}; let withdrawPlanGhost = () => …
 ❯ move src/ui/room-template-world-bridge.ts:51:39
 ❯ capture src/ui/room-template-world-bridge.ts:84:5
 ❯ ElementStub.pointerDown src/ui/room-template-world-bridge.ts:112:9
 ❯ ElementStub.[nodejs.internal.kHybridDispatch] node:internal/event_target:856:20
 ❯ ElementStub.dispatchEvent node:internal/event_target:789:26
 ❯ dispatch tests/unit/ui-template-held-dialog-transform.test.ts:103:98
 ❯ setup tests/unit/ui-template-held-dialog-transform.test.ts:158:43
 ❯ tests/unit/ui-template-held-dialog-transform.test.ts:250:21
 ❯ ../../Rozw%C3%B3j%20gier/lockstate-1382-doc-anchor-2026-09-24/node_modules/.pnpm/@vitest+runner@4.1.11/node_modules/@vitest/runner/dist/chunk-artifact.js:302:11

This error originated in "tests/unit/ui-template-held-dialog-transform.test.ts" test file. It doesn't mean the error was thrown inside the file itself, but while it was running.

⎯⎯⎯⎯⎯ Uncaught Exception ⎯⎯⎯⎯⎯
ReferenceError: renderFeed is not defined
 ❯ Object.worldRevision tests/unit/ui-template-held-dialog-transform.test.ts:146:16
    144|     : selector === '.hud__corner' ? box(0, 0, 350 * uiScale, 130 * uiS…
    145|     : selector === '.hud-strip' ? box(0, 0, 1920, 130 * uiScale) : und…
    146|   const main = new Function('worldScene', 'roomTemplateTool', 'appRoot…
       |                ^
    147|     'screenToGround', 'groundToScreen', 'computeObliqueFit', 'TILE_SIZ…
    148|     `let reinstallPlanGhost = () => {}; let withdrawPlanGhost = () => …
 ❯ move src/ui/room-template-world-bridge.ts:51:39
 ❯ capture src/ui/room-template-world-bridge.ts:84:5
 ❯ ElementStub.pointerMove src/ui/room-template-world-bridge.ts:95:5
 ❯ ElementStub.[nodejs.internal.kHybridDispatch] node:internal/event_target:856:20
 ❯ ElementStub.dispatchEvent node:internal/event_target:789:26
 ❯ dispatch tests/unit/ui-template-held-dialog-transform.test.ts:103:98
 ❯ setup tests/unit/ui-template-held-dialog-transform.test.ts:158:3
 ❯ tests/unit/ui-template-held-dialog-transform.test.ts:232:21
 ❯ ../../Rozw%C3%B3j%20gier/lockstate-1382-doc-anchor-2026-09-24/node_modules/.pnpm/@vitest+runner@4.1.11/node_modules/@vitest/runner/dist/chunk-artifact.js:302:11

This error originated in "tests/unit/ui-template-held-dialog-transform.test.ts" test file. It doesn't mean the error was thrown inside the file itself, but while it was running.

⎯⎯⎯⎯⎯ Uncaught Exception ⎯⎯⎯⎯⎯
ReferenceError: renderFeed is not defined
 ❯ Object.worldRevision tests/unit/ui-template-held-dialog-transform.test.ts:146:16
    144|     : selector === '.hud__corner' ? box(0, 0, 350 * uiScale, 130 * uiS…
    145|     : selector === '.hud-strip' ? box(0, 0, 1920, 130 * uiScale) : und…
    146|   const main = new Function('worldScene', 'roomTemplateTool', 'appRoot…
       |                ^
    147|     'screenToGround', 'groundToScreen', 'computeObliqueFit', 'TILE_SIZ…
    148|     `let reinstallPlanGhost = () => {}; let withdrawPlanGhost = () => …
 ❯ move src/ui/room-template-world-bridge.ts:51:39
 ❯ capture src/ui/room-template-world-bridge.ts:84:5
 ❯ ElementStub.pointerDown src/ui/room-template-world-bridge.ts:112:9
 ❯ ElementStub.[nodejs.internal.kHybridDispatch] node:internal/event_target:856:20
 ❯ ElementStub.dispatchEvent node:internal/event_target:789:26
 ❯ dispatch tests/unit/ui-template-held-dialog-transform.test.ts:103:98
 ❯ setup tests/unit/ui-template-held-dialog-transform.test.ts:158:43
 ❯ tests/unit/ui-template-held-dialog-transform.test.ts:232:21
 ❯ ../../Rozw%C3%B3j%20gier/lockstate-1382-doc-anchor-2026-09-24/node_modules/.pnpm/@vitest+runner@4.1.11/node_modules/@vitest/runner/dist/chunk-artifact.js:302:11

This error originated in "tests/unit/ui-template-held-dialog-transform.test.ts" test file. It doesn't mean the error was thrown inside the file itself, but while it was running.

⎯⎯⎯⎯⎯ Uncaught Exception ⎯⎯⎯⎯⎯
ReferenceError: renderFeed is not defined
 ❯ Object.worldRevision tests/unit/ui-template-held-dialog-transform.test.ts:146:16
    144|     : selector === '.hud__corner' ? box(0, 0, 350 * uiScale, 130 * uiS…
    145|     : selector === '.hud-strip' ? box(0, 0, 1920, 130 * uiScale) : und…
    146|   const main = new Function('worldScene', 'roomTemplateTool', 'appRoot…
       |                ^
    147|     'screenToGround', 'groundToScreen', 'computeObliqueFit', 'TILE_SIZ…
    148|     `let reinstallPlanGhost = () => {}; let withdrawPlanGhost = () => …
 ❯ move src/ui/room-template-world-bridge.ts:51:39
 ❯ capture src/ui/room-template-world-bridge.ts:84:5
 ❯ ElementStub.pointerMove src/ui/room-template-world-bridge.ts:95:5
 ❯ ElementStub.[nodejs.internal.kHybridDispatch] node:internal/event_target:856:20
 ❯ ElementStub.dispatchEvent node:internal/event_target:789:26
 ❯ dispatch tests/unit/ui-template-held-dialog-transform.test.ts:103:98
 ❯ setup tests/unit/ui-template-held-dialog-transform.test.ts:158:3
 ❯ tests/unit/ui-template-held-dialog-transform.test.ts:232:21
 ❯ ../../Rozw%C3%B3j%20gier/lockstate-1382-doc-anchor-2026-09-24/node_modules/.pnpm/@vitest+runner@4.1.11/node_modules/@vitest/runner/dist/chunk-artifact.js:302:11

This error originated in "tests/unit/ui-template-held-dialog-transform.test.ts" test file. It doesn't mean the error was thrown inside the file itself, but while it was running.

⎯⎯⎯⎯⎯ Uncaught Exception ⎯⎯⎯⎯⎯
ReferenceError: renderFeed is not defined
 ❯ Object.worldRevision tests/unit/ui-template-held-dialog-transform.test.ts:146:16
    144|     : selector === '.hud__corner' ? box(0, 0, 350 * uiScale, 130 * uiS…
    145|     : selector === '.hud-strip' ? box(0, 0, 1920, 130 * uiScale) : und…
    146|   const main = new Function('worldScene', 'roomTemplateTool', 'appRoot…
       |                ^
    147|     'screenToGround', 'groundToScreen', 'computeObliqueFit', 'TILE_SIZ…
    148|     `let reinstallPlanGhost = () => {}; let withdrawPlanGhost = () => …
 ❯ move src/ui/room-template-world-bridge.ts:51:39
 ❯ capture src/ui/room-template-world-bridge.ts:84:5
 ❯ ElementStub.pointerDown src/ui/room-template-world-bridge.ts:112:9
 ❯ ElementStub.[nodejs.internal.kHybridDispatch] node:internal/event_target:856:20
 ❯ ElementStub.dispatchEvent node:internal/event_target:789:26
 ❯ dispatch tests/unit/ui-template-held-dialog-transform.test.ts:103:98
 ❯ setup tests/unit/ui-template-held-dialog-transform.test.ts:158:43
 ❯ tests/unit/ui-template-held-dialog-transform.test.ts:232:21
 ❯ ../../Rozw%C3%B3j%20gier/lockstate-1382-doc-anchor-2026-09-24/node_modules/.pnpm/@vitest+runner@4.1.11/node_modules/@vitest/runner/dist/chunk-artifact.js:302:11

This error originated in "tests/unit/ui-template-held-dialog-transform.test.ts" test file. It doesn't mean the error was thrown inside the file itself, but while it was running.

⎯⎯⎯⎯⎯ Uncaught Exception ⎯⎯⎯⎯⎯
ReferenceError: renderFeed is not defined
 ❯ Object.worldRevision tests/unit/ui-template-held-dialog-transform.test.ts:146:16
    144|     : selector === '.hud__corner' ? box(0, 0, 350 * uiScale, 130 * uiS…
    145|     : selector === '.hud-strip' ? box(0, 0, 1920, 130 * uiScale) : und…
    146|   const main = new Function('worldScene', 'roomTemplateTool', 'appRoot…
       |                ^
    147|     'screenToGround', 'groundToScreen', 'computeObliqueFit', 'TILE_SIZ…
    148|     `let reinstallPlanGhost = () => {}; let withdrawPlanGhost = () => …
 ❯ move src/ui/room-template-world-bridge.ts:51:39
 ❯ capture src/ui/room-template-world-bridge.ts:84:5
 ❯ ElementStub.pointerMove src/ui/room-template-world-bridge.ts:95:5
 ❯ ElementStub.[nodejs.internal.kHybridDispatch] node:internal/event_target:856:20
 ❯ ElementStub.dispatchEvent node:internal/event_target:789:26
 ❯ dispatch tests/unit/ui-template-held-dialog-transform.test.ts:103:98
 ❯ setup tests/unit/ui-template-held-dialog-transform.test.ts:158:3
 ❯ tests/unit/ui-template-held-dialog-transform.test.ts:232:21
 ❯ ../../Rozw%C3%B3j%20gier/lockstate-1382-doc-anchor-2026-09-24/node_modules/.pnpm/@vitest+runner@4.1.11/node_modules/@vitest/runner/dist/chunk-artifact.js:302:11

This error originated in "tests/unit/ui-template-held-dialog-transform.test.ts" test file. It doesn't mean the error was thrown inside the file itself, but while it was running.

⎯⎯⎯⎯⎯ Uncaught Exception ⎯⎯⎯⎯⎯
ReferenceError: renderFeed is not defined
 ❯ Object.worldRevision tests/unit/ui-template-held-dialog-transform.test.ts:146:16
    144|     : selector === '.hud__corner' ? box(0, 0, 350 * uiScale, 130 * uiS…
    145|     : selector === '.hud-strip' ? box(0, 0, 1920, 130 * uiScale) : und…
    146|   const main = new Function('worldScene', 'roomTemplateTool', 'appRoot…
       |                ^
    147|     'screenToGround', 'groundToScreen', 'computeObliqueFit', 'TILE_SIZ…
    148|     `let reinstallPlanGhost = () => {}; let withdrawPlanGhost = () => …
 ❯ move src/ui/room-template-world-bridge.ts:51:39
 ❯ capture src/ui/room-template-world-bridge.ts:84:5
 ❯ ElementStub.pointerDown src/ui/room-template-world-bridge.ts:112:9
 ❯ ElementStub.[nodejs.internal.kHybridDispatch] node:internal/event_target:856:20
 ❯ ElementStub.dispatchEvent node:internal/event_target:789:26
 ❯ dispatch tests/unit/ui-template-held-dialog-transform.test.ts:103:98
 ❯ setup tests/unit/ui-template-held-dialog-transform.test.ts:158:43
 ❯ tests/unit/ui-template-held-dialog-transform.test.ts:232:21
 ❯ ../../Rozw%C3%B3j%20gier/lockstate-1382-doc-anchor-2026-09-24/node_modules/.pnpm/@vitest+runner@4.1.11/node_modules/@vitest/runner/dist/chunk-artifact.js:302:11

This error originated in "tests/unit/ui-template-held-dialog-transform.test.ts" test file. It doesn't mean the error was thrown inside the file itself, but while it was running.

⎯⎯⎯⎯⎯ Uncaught Exception ⎯⎯⎯⎯⎯
ReferenceError: renderFeed is not defined
 ❯ Object.worldRevision tests/unit/ui-template-held-dialog-transform.test.ts:146:16
    144|     : selector === '.hud__corner' ? box(0, 0, 350 * uiScale, 130 * uiS…
    145|     : selector === '.hud-strip' ? box(0, 0, 1920, 130 * uiScale) : und…
    146|   const main = new Function('worldScene', 'roomTemplateTool', 'appRoot…
       |                ^
    147|     'screenToGround', 'groundToScreen', 'computeObliqueFit', 'TILE_SIZ…
    148|     `let reinstallPlanGhost = () => {}; let withdrawPlanGhost = () => …
 ❯ move src/ui/room-template-world-bridge.ts:51:39
 ❯ capture src/ui/room-template-world-bridge.ts:84:5
 ❯ ElementStub.pointerMove src/ui/room-template-world-bridge.ts:95:5
 ❯ ElementStub.[nodejs.internal.kHybridDispatch] node:internal/event_target:856:20
 ❯ ElementStub.dispatchEvent node:internal/event_target:789:26
 ❯ dispatch tests/unit/ui-template-held-dialog-transform.test.ts:103:98
 ❯ setup tests/unit/ui-template-held-dialog-transform.test.ts:158:3
 ❯ tests/unit/ui-template-held-dialog-transform.test.ts:250:21
 ❯ ../../Rozw%C3%B3j%20gier/lockstate-1382-doc-anchor-2026-09-24/node_modules/.pnpm/@vitest+runner@4.1.11/node_modules/@vitest/runner/dist/chunk-artifact.js:302:11

This error originated in "tests/unit/ui-template-held-dialog-transform.test.ts" test file. It doesn't mean the error was thrown inside the file itself, but while it was running.

⎯⎯⎯⎯⎯ Uncaught Exception ⎯⎯⎯⎯⎯
ReferenceError: renderFeed is not defined
 ❯ Object.worldRevision tests/unit/ui-template-held-dialog-transform.test.ts:146:16
    144|     : selector === '.hud__corner' ? box(0, 0, 350 * uiScale, 130 * uiS…
    145|     : selector === '.hud-strip' ? box(0, 0, 1920, 130 * uiScale) : und…
    146|   const main = new Function('worldScene', 'roomTemplateTool', 'appRoot…
       |                ^
    147|     'screenToGround', 'groundToScreen', 'computeObliqueFit', 'TILE_SIZ…
    148|     `let reinstallPlanGhost = () => {}; let withdrawPlanGhost = () => …
 ❯ move src/ui/room-template-world-bridge.ts:51:39
 ❯ capture src/ui/room-template-world-bridge.ts:84:5
 ❯ ElementStub.pointerDown src/ui/room-template-world-bridge.ts:112:9
 ❯ ElementStub.[nodejs.internal.kHybridDispatch] node:internal/event_target:856:20
 ❯ ElementStub.dispatchEvent node:internal/event_target:789:26
 ❯ dispatch tests/unit/ui-template-held-dialog-transform.test.ts:103:98
 ❯ setup tests/unit/ui-template-held-dialog-transform.test.ts:158:43
 ❯ tests/unit/ui-template-held-dialog-transform.test.ts:250:21
 ❯ ../../Rozw%C3%B3j%20gier/lockstate-1382-doc-anchor-2026-09-24/node_modules/.pnpm/@vitest+runner@4.1.11/node_modules/@vitest/runner/dist/chunk-artifact.js:302:11

This error originated in "tests/unit/ui-template-held-dialog-transform.test.ts" test file. It doesn't mean the error was thrown inside the file itself, but while it was running.

⎯⎯⎯⎯⎯ Uncaught Exception ⎯⎯⎯⎯⎯
ReferenceError: renderFeed is not defined
 ❯ Object.worldRevision tests/unit/ui-template-held-dialog-transform.test.ts:146:16
    144|     : selector === '.hud__corner' ? box(0, 0, 350 * uiScale, 130 * uiS…
    145|     : selector === '.hud-strip' ? box(0, 0, 1920, 130 * uiScale) : und…
    146|   const main = new Function('worldScene', 'roomTemplateTool', 'appRoot…
       |                ^
    147|     'screenToGround', 'groundToScreen', 'computeObliqueFit', 'TILE_SIZ…
    148|     `let reinstallPlanGhost = () => {}; let withdrawPlanGhost = () => …
 ❯ move src/ui/room-template-world-bridge.ts:51:39
 ❯ capture src/ui/room-template-world-bridge.ts:84:5
 ❯ ElementStub.pointerMove src/ui/room-template-world-bridge.ts:95:5
 ❯ ElementStub.[nodejs.internal.kHybridDispatch] node:internal/event_target:856:20
 ❯ ElementStub.dispatchEvent node:internal/event_target:789:26
 ❯ dispatch tests/unit/ui-template-held-dialog-transform.test.ts:103:98
 ❯ setup tests/unit/ui-template-held-dialog-transform.test.ts:158:3
 ❯ tests/unit/ui-template-held-dialog-transform.test.ts:232:21
 ❯ ../../Rozw%C3%B3j%20gier/lockstate-1382-doc-anchor-2026-09-24/node_modules/.pnpm/@vitest+runner@4.1.11/node_modules/@vitest/runner/dist/chunk-artifact.js:302:11

This error originated in "tests/unit/ui-template-held-dialog-transform.test.ts" test file. It doesn't mean the error was thrown inside the file itself, but while it was running.

⎯⎯⎯⎯⎯ Uncaught Exception ⎯⎯⎯⎯⎯
ReferenceError: renderFeed is not defined
 ❯ Object.worldRevision tests/unit/ui-template-held-dialog-transform.test.ts:146:16
    144|     : selector === '.hud__corner' ? box(0, 0, 350 * uiScale, 130 * uiS…
    145|     : selector === '.hud-strip' ? box(0, 0, 1920, 130 * uiScale) : und…
    146|   const main = new Function('worldScene', 'roomTemplateTool', 'appRoot…
       |                ^
    147|     'screenToGround', 'groundToScreen', 'computeObliqueFit', 'TILE_SIZ…
    148|     `let reinstallPlanGhost = () => {}; let withdrawPlanGhost = () => …
 ❯ move src/ui/room-template-world-bridge.ts:51:39
 ❯ capture src/ui/room-template-world-bridge.ts:84:5
 ❯ ElementStub.pointerDown src/ui/room-template-world-bridge.ts:112:9
 ❯ ElementStub.[nodejs.internal.kHybridDispatch] node:internal/event_target:856:20
 ❯ ElementStub.dispatchEvent node:internal/event_target:789:26
 ❯ dispatch tests/unit/ui-template-held-dialog-transform.test.ts:103:98
 ❯ setup tests/unit/ui-template-held-dialog-transform.test.ts:158:43
 ❯ tests/unit/ui-template-held-dialog-transform.test.ts:232:21
 ❯ ../../Rozw%C3%B3j%20gier/lockstate-1382-doc-anchor-2026-09-24/node_modules/.pnpm/@vitest+runner@4.1.11/node_modules/@vitest/runner/dist/chunk-artifact.js:302:11

This error originated in "tests/unit/ui-template-held-dialog-transform.test.ts" test file. It doesn't mean the error was thrown inside the file itself, but while it was running.

⎯⎯⎯⎯⎯ Uncaught Exception ⎯⎯⎯⎯⎯
ReferenceError: renderFeed is not defined
 ❯ Object.worldRevision tests/unit/ui-template-held-dialog-transform.test.ts:146:16
    144|     : selector === '.hud__corner' ? box(0, 0, 350 * uiScale, 130 * uiS…
    145|     : selector === '.hud-strip' ? box(0, 0, 1920, 130 * uiScale) : und…
    146|   const main = new Function('worldScene', 'roomTemplateTool', 'appRoot…
       |                ^
    147|     'screenToGround', 'groundToScreen', 'computeObliqueFit', 'TILE_SIZ…
    148|     `let reinstallPlanGhost = () => {}; let withdrawPlanGhost = () => …
 ❯ move src/ui/room-template-world-bridge.ts:51:39
 ❯ capture src/ui/room-template-world-bridge.ts:84:5
 ❯ ElementStub.pointerMove src/ui/room-template-world-bridge.ts:95:5
 ❯ ElementStub.[nodejs.internal.kHybridDispatch] node:internal/event_target:856:20
 ❯ ElementStub.dispatchEvent node:internal/event_target:789:26
 ❯ dispatch tests/unit/ui-template-held-dialog-transform.test.ts:103:98
 ❯ setup tests/unit/ui-template-held-dialog-transform.test.ts:158:3
 ❯ tests/unit/ui-template-held-dialog-transform.test.ts:232:21
 ❯ ../../Rozw%C3%B3j%20gier/lockstate-1382-doc-anchor-2026-09-24/node_modules/.pnpm/@vitest+runner@4.1.11/node_modules/@vitest/runner/dist/chunk-artifact.js:302:11

This error originated in "tests/unit/ui-template-held-dialog-transform.test.ts" test file. It doesn't mean the error was thrown inside the file itself, but while it was running.

⎯⎯⎯⎯⎯ Uncaught Exception ⎯⎯⎯⎯⎯
ReferenceError: renderFeed is not defined
 ❯ Object.worldRevision tests/unit/ui-template-held-dialog-transform.test.ts:146:16
    144|     : selector === '.hud__corner' ? box(0, 0, 350 * uiScale, 130 * uiS…
    145|     : selector === '.hud-strip' ? box(0, 0, 1920, 130 * uiScale) : und…
    146|   const main = new Function('worldScene', 'roomTemplateTool', 'appRoot…
       |                ^
    147|     'screenToGround', 'groundToScreen', 'computeObliqueFit', 'TILE_SIZ…
    148|     `let reinstallPlanGhost = () => {}; let withdrawPlanGhost = () => …
 ❯ move src/ui/room-template-world-bridge.ts:51:39
 ❯ capture src/ui/room-template-world-bridge.ts:84:5
 ❯ ElementStub.pointerDown src/ui/room-template-world-bridge.ts:112:9
 ❯ ElementStub.[nodejs.internal.kHybridDispatch] node:internal/event_target:856:20
 ❯ ElementStub.dispatchEvent node:internal/event_target:789:26
 ❯ dispatch tests/unit/ui-template-held-dialog-transform.test.ts:103:98
 ❯ setup tests/unit/ui-template-held-dialog-transform.test.ts:158:43
 ❯ tests/unit/ui-template-held-dialog-transform.test.ts:232:21
 ❯ ../../Rozw%C3%B3j%20gier/lockstate-1382-doc-anchor-2026-09-24/node_modules/.pnpm/@vitest+runner@4.1.11/node_modules/@vitest/runner/dist/chunk-artifact.js:302:11

This error originated in "tests/unit/ui-template-held-dialog-transform.test.ts" test file. It doesn't mean the error was thrown inside the file itself, but while it was running.

⎯⎯⎯⎯⎯ Uncaught Exception ⎯⎯⎯⎯⎯
ReferenceError: renderFeed is not defined
 ❯ Object.worldRevision tests/unit/ui-template-held-dialog-transform.test.ts:146:16
    144|     : selector === '.hud__corner' ? box(0, 0, 350 * uiScale, 130 * uiS…
    145|     : selector === '.hud-strip' ? box(0, 0, 1920, 130 * uiScale) : und…
    146|   const main = new Function('worldScene', 'roomTemplateTool', 'appRoot…
       |                ^
    147|     'screenToGround', 'groundToScreen', 'computeObliqueFit', 'TILE_SIZ…
    148|     `let reinstallPlanGhost = () => {}; let withdrawPlanGhost = () => …
 ❯ move src/ui/room-template-world-bridge.ts:51:39
 ❯ capture src/ui/room-template-world-bridge.ts:84:5
 ❯ ElementStub.pointerMove src/ui/room-template-world-bridge.ts:95:5
 ❯ ElementStub.[nodejs.internal.kHybridDispatch] node:internal/event_target:856:20
 ❯ ElementStub.dispatchEvent node:internal/event_target:789:26
 ❯ dispatch tests/unit/ui-template-held-dialog-transform.test.ts:103:98
 ❯ setup tests/unit/ui-template-held-dialog-transform.test.ts:158:3
 ❯ tests/unit/ui-template-held-dialog-transform.test.ts:232:21
 ❯ ../../Rozw%C3%B3j%20gier/lockstate-1382-doc-anchor-2026-09-24/node_modules/.pnpm/@vitest+runner@4.1.11/node_modules/@vitest/runner/dist/chunk-artifact.js:302:11

This error originated in "tests/unit/ui-template-held-dialog-transform.test.ts" test file. It doesn't mean the error was thrown inside the file itself, but while it was running.

⎯⎯⎯⎯⎯ Uncaught Exception ⎯⎯⎯⎯⎯
ReferenceError: renderFeed is not defined
 ❯ Object.worldRevision tests/unit/ui-template-held-dialog-transform.test.ts:146:16
    144|     : selector === '.hud__corner' ? box(0, 0, 350 * uiScale, 130 * uiS…
    145|     : selector === '.hud-strip' ? box(0, 0, 1920, 130 * uiScale) : und…
    146|   const main = new Function('worldScene', 'roomTemplateTool', 'appRoot…
       |                ^
    147|     'screenToGround', 'groundToScreen', 'computeObliqueFit', 'TILE_SIZ…
    148|     `let reinstallPlanGhost = () => {}; let withdrawPlanGhost = () => …
 ❯ move src/ui/room-template-world-bridge.ts:51:39
 ❯ capture src/ui/room-template-world-bridge.ts:84:5
 ❯ ElementStub.pointerDown src/ui/room-template-world-bridge.ts:112:9
 ❯ ElementStub.[nodejs.internal.kHybridDispatch] node:internal/event_target:856:20
 ❯ ElementStub.dispatchEvent node:internal/event_target:789:26
 ❯ dispatch tests/unit/ui-template-held-dialog-transform.test.ts:103:98
 ❯ setup tests/unit/ui-template-held-dialog-transform.test.ts:158:43
 ❯ tests/unit/ui-template-held-dialog-transform.test.ts:232:21
 ❯ ../../Rozw%C3%B3j%20gier/lockstate-1382-doc-anchor-2026-09-24/node_modules/.pnpm/@vitest+runner@4.1.11/node_modules/@vitest/runner/dist/chunk-artifact.js:302:11

This error originated in "tests/unit/ui-template-held-dialog-transform.test.ts" test file. It doesn't mean the error was thrown inside the file itself, but while it was running.

⎯⎯⎯⎯⎯ Uncaught Exception ⎯⎯⎯⎯⎯
ReferenceError: renderFeed is not defined
 ❯ Object.worldRevision tests/unit/ui-template-held-dialog-transform.test.ts:146:16
    144|     : selector === '.hud__corner' ? box(0, 0, 350 * uiScale, 130 * uiS…
    145|     : selector === '.hud-strip' ? box(0, 0, 1920, 130 * uiScale) : und…
    146|   const main = new Function('worldScene', 'roomTemplateTool', 'appRoot…
       |                ^
    147|     'screenToGround', 'groundToScreen', 'computeObliqueFit', 'TILE_SIZ…
    148|     `let reinstallPlanGhost = () => {}; let withdrawPlanGhost = () => …
 ❯ move src/ui/room-template-world-bridge.ts:51:39
 ❯ capture src/ui/room-template-world-bridge.ts:84:5
 ❯ ElementStub.pointerMove src/ui/room-template-world-bridge.ts:95:5
 ❯ ElementStub.[nodejs.internal.kHybridDispatch] node:internal/event_target:856:20
 ❯ ElementStub.dispatchEvent node:internal/event_target:789:26
 ❯ dispatch tests/unit/ui-template-held-dialog-transform.test.ts:103:98
 ❯ setup tests/unit/ui-template-held-dialog-transform.test.ts:158:3
 ❯ tests/unit/ui-template-held-dialog-transform.test.ts:250:21
 ❯ ../../Rozw%C3%B3j%20gier/lockstate-1382-doc-anchor-2026-09-24/node_modules/.pnpm/@vitest+runner@4.1.11/node_modules/@vitest/runner/dist/chunk-artifact.js:302:11

This error originated in "tests/unit/ui-template-held-dialog-transform.test.ts" test file. It doesn't mean the error was thrown inside the file itself, but while it was running.

⎯⎯⎯⎯⎯ Uncaught Exception ⎯⎯⎯⎯⎯
ReferenceError: renderFeed is not defined
 ❯ Object.worldRevision tests/unit/ui-template-held-dialog-transform.test.ts:146:16
    144|     : selector === '.hud__corner' ? box(0, 0, 350 * uiScale, 130 * uiS…
    145|     : selector === '.hud-strip' ? box(0, 0, 1920, 130 * uiScale) : und…
    146|   const main = new Function('worldScene', 'roomTemplateTool', 'appRoot…
       |                ^
    147|     'screenToGround', 'groundToScreen', 'computeObliqueFit', 'TILE_SIZ…
    148|     `let reinstallPlanGhost = () => {}; let withdrawPlanGhost = () => …
 ❯ move src/ui/room-template-world-bridge.ts:51:39
 ❯ capture src/ui/room-template-world-bridge.ts:84:5
 ❯ ElementStub.pointerDown src/ui/room-template-world-bridge.ts:112:9
 ❯ ElementStub.[nodejs.internal.kHybridDispatch] node:internal/event_target:856:20
 ❯ ElementStub.dispatchEvent node:internal/event_target:789:26
 ❯ dispatch tests/unit/ui-template-held-dialog-transform.test.ts:103:98
 ❯ setup tests/unit/ui-template-held-dialog-transform.test.ts:158:43
 ❯ tests/unit/ui-template-held-dialog-transform.test.ts:250:21
 ❯ ../../Rozw%C3%B3j%20gier/lockstate-1382-doc-anchor-2026-09-24/node_modules/.pnpm/@vitest+runner@4.1.11/node_modules/@vitest/runner/dist/chunk-artifact.js:302:11

This error originated in "tests/unit/ui-template-held-dialog-transform.test.ts" test file. It doesn't mean the error was thrown inside the file itself, but while it was running.

⎯⎯⎯⎯⎯ Uncaught Exception ⎯⎯⎯⎯⎯
ReferenceError: renderFeed is not defined
 ❯ Object.worldRevision tests/unit/ui-template-held-dialog-transform.test.ts:146:16
    144|     : selector === '.hud__corner' ? box(0, 0, 350 * uiScale, 130 * uiS…
    145|     : selector === '.hud-strip' ? box(0, 0, 1920, 130 * uiScale) : und…
    146|   const main = new Function('worldScene', 'roomTemplateTool', 'appRoot…
       |                ^
    147|     'screenToGround', 'groundToScreen', 'computeObliqueFit', 'TILE_SIZ…
    148|     `let reinstallPlanGhost = () => {}; let withdrawPlanGhost = () => …
 ❯ move src/ui/room-template-world-bridge.ts:51:39
 ❯ capture src/ui/room-template-world-bridge.ts:84:5
 ❯ ElementStub.pointerMove src/ui/room-template-world-bridge.ts:95:5
 ❯ ElementStub.[nodejs.internal.kHybridDispatch] node:internal/event_target:856:20
 ❯ ElementStub.dispatchEvent node:internal/event_target:789:26
 ❯ dispatch tests/unit/ui-template-held-dialog-transform.test.ts:103:98
 ❯ setup tests/unit/ui-template-held-dialog-transform.test.ts:158:3
 ❯ tests/unit/ui-template-held-dialog-transform.test.ts:232:21
 ❯ ../../Rozw%C3%B3j%20gier/lockstate-1382-doc-anchor-2026-09-24/node_modules/.pnpm/@vitest+runner@4.1.11/node_modules/@vitest/runner/dist/chunk-artifact.js:302:11

This error originated in "tests/unit/ui-template-held-dialog-transform.test.ts" test file. It doesn't mean the error was thrown inside the file itself, but while it was running.

⎯⎯⎯⎯⎯ Uncaught Exception ⎯⎯⎯⎯⎯
ReferenceError: renderFeed is not defined
 ❯ Object.worldRevision tests/unit/ui-template-held-dialog-transform.test.ts:146:16
    144|     : selector === '.hud__corner' ? box(0, 0, 350 * uiScale, 130 * uiS…
    145|     : selector === '.hud-strip' ? box(0, 0, 1920, 130 * uiScale) : und…
    146|   const main = new Function('worldScene', 'roomTemplateTool', 'appRoot…
       |                ^
    147|     'screenToGround', 'groundToScreen', 'computeObliqueFit', 'TILE_SIZ…
    148|     `let reinstallPlanGhost = () => {}; let withdrawPlanGhost = () => …
 ❯ move src/ui/room-template-world-bridge.ts:51:39
 ❯ capture src/ui/room-template-world-bridge.ts:84:5
 ❯ ElementStub.pointerDown src/ui/room-template-world-bridge.ts:112:9
 ❯ ElementStub.[nodejs.internal.kHybridDispatch] node:internal/event_target:856:20
 ❯ ElementStub.dispatchEvent node:internal/event_target:789:26
 ❯ dispatch tests/unit/ui-template-held-dialog-transform.test.ts:103:98
 ❯ setup tests/unit/ui-template-held-dialog-transform.test.ts:158:43
 ❯ tests/unit/ui-template-held-dialog-transform.test.ts:232:21
 ❯ ../../Rozw%C3%B3j%20gier/lockstate-1382-doc-anchor-2026-09-24/node_modules/.pnpm/@vitest+runner@4.1.11/node_modules/@vitest/runner/dist/chunk-artifact.js:302:11

This error originated in "tests/unit/ui-template-held-dialog-transform.test.ts" test file. It doesn't mean the error was thrown inside the file itself, but while it was running.

⎯⎯⎯⎯⎯ Uncaught Exception ⎯⎯⎯⎯⎯
ReferenceError: renderFeed is not defined
 ❯ Object.worldRevision tests/unit/ui-template-held-dialog-transform.test.ts:146:16
    144|     : selector === '.hud__corner' ? box(0, 0, 350 * uiScale, 130 * uiS…
    145|     : selector === '.hud-strip' ? box(0, 0, 1920, 130 * uiScale) : und…
    146|   const main = new Function('worldScene', 'roomTemplateTool', 'appRoot…
       |                ^
    147|     'screenToGround', 'groundToScreen', 'computeObliqueFit', 'TILE_SIZ…
    148|     `let reinstallPlanGhost = () => {}; let withdrawPlanGhost = () => …
 ❯ move src/ui/room-template-world-bridge.ts:51:39
 ❯ capture src/ui/room-template-world-bridge.ts:84:5
 ❯ ElementStub.pointerMove src/ui/room-template-world-bridge.ts:95:5
 ❯ ElementStub.[nodejs.internal.kHybridDispatch] node:internal/event_target:856:20
 ❯ ElementStub.dispatchEvent node:internal/event_target:789:26
 ❯ dispatch tests/unit/ui-template-held-dialog-transform.test.ts:103:98
 ❯ setup tests/unit/ui-template-held-dialog-transform.test.ts:158:3
 ❯ tests/unit/ui-template-held-dialog-transform.test.ts:232:21
 ❯ ../../Rozw%C3%B3j%20gier/lockstate-1382-doc-anchor-2026-09-24/node_modules/.pnpm/@vitest+runner@4.1.11/node_modules/@vitest/runner/dist/chunk-artifact.js:302:11

This error originated in "tests/unit/ui-template-held-dialog-transform.test.ts" test file. It doesn't mean the error was thrown inside the file itself, but while it was running.

⎯⎯⎯⎯⎯ Uncaught Exception ⎯⎯⎯⎯⎯
ReferenceError: renderFeed is not defined
 ❯ Object.worldRevision tests/unit/ui-template-held-dialog-transform.test.ts:146:16
    144|     : selector === '.hud__corner' ? box(0, 0, 350 * uiScale, 130 * uiS…
    145|     : selector === '.hud-strip' ? box(0, 0, 1920, 130 * uiScale) : und…
    146|   const main = new Function('worldScene', 'roomTemplateTool', 'appRoot…
       |                ^
    147|     'screenToGround', 'groundToScreen', 'computeObliqueFit', 'TILE_SIZ…
    148|     `let reinstallPlanGhost = () => {}; let withdrawPlanGhost = () => …
 ❯ move src/ui/room-template-world-bridge.ts:51:39
 ❯ capture src/ui/room-template-world-bridge.ts:84:5
 ❯ ElementStub.pointerDown src/ui/room-template-world-bridge.ts:112:9
 ❯ ElementStub.[nodejs.internal.kHybridDispatch] node:internal/event_target:856:20
 ❯ ElementStub.dispatchEvent node:internal/event_target:789:26
 ❯ dispatch tests/unit/ui-template-held-dialog-transform.test.ts:103:98
 ❯ setup tests/unit/ui-template-held-dialog-transform.test.ts:158:43
 ❯ tests/unit/ui-template-held-dialog-transform.test.ts:232:21
 ❯ ../../Rozw%C3%B3j%20gier/lockstate-1382-doc-anchor-2026-09-24/node_modules/.pnpm/@vitest+runner@4.1.11/node_modules/@vitest/runner/dist/chunk-artifact.js:302:11

This error originated in "tests/unit/ui-template-held-dialog-transform.test.ts" test file. It doesn't mean the error was thrown inside the file itself, but while it was running.

⎯⎯⎯⎯⎯ Uncaught Exception ⎯⎯⎯⎯⎯
ReferenceError: renderFeed is not defined
 ❯ Object.worldRevision tests/unit/ui-template-held-dialog-transform.test.ts:146:16
    144|     : selector === '.hud__corner' ? box(0, 0, 350 * uiScale, 130 * uiS…
    145|     : selector === '.hud-strip' ? box(0, 0, 1920, 130 * uiScale) : und…
    146|   const main = new Function('worldScene', 'roomTemplateTool', 'appRoot…
       |                ^
    147|     'screenToGround', 'groundToScreen', 'computeObliqueFit', 'TILE_SIZ…
    148|     `let reinstallPlanGhost = () => {}; let withdrawPlanGhost = () => …
 ❯ move src/ui/room-template-world-bridge.ts:51:39
 ❯ capture src/ui/room-template-world-bridge.ts:84:5
 ❯ ElementStub.pointerMove src/ui/room-template-world-bridge.ts:95:5
 ❯ ElementStub.[nodejs.internal.kHybridDispatch] node:internal/event_target:856:20
 ❯ ElementStub.dispatchEvent node:internal/event_target:789:26
 ❯ dispatch tests/unit/ui-template-held-dialog-transform.test.ts:103:98
 ❯ setup tests/unit/ui-template-held-dialog-transform.test.ts:158:3
 ❯ tests/unit/ui-template-held-dialog-transform.test.ts:232:21
 ❯ ../../Rozw%C3%B3j%20gier/lockstate-1382-doc-anchor-2026-09-24/node_modules/.pnpm/@vitest+runner@4.1.11/node_modules/@vitest/runner/dist/chunk-artifact.js:302:11

This error originated in "tests/unit/ui-template-held-dialog-transform.test.ts" test file. It doesn't mean the error was thrown inside the file itself, but while it was running.

⎯⎯⎯⎯⎯ Uncaught Exception ⎯⎯⎯⎯⎯
ReferenceError: renderFeed is not defined
 ❯ Object.worldRevision tests/unit/ui-template-held-dialog-transform.test.ts:146:16
    144|     : selector === '.hud__corner' ? box(0, 0, 350 * uiScale, 130 * uiS…
    145|     : selector === '.hud-strip' ? box(0, 0, 1920, 130 * uiScale) : und…
    146|   const main = new Function('worldScene', 'roomTemplateTool', 'appRoot…
       |                ^
    147|     'screenToGround', 'groundToScreen', 'computeObliqueFit', 'TILE_SIZ…
    148|     `let reinstallPlanGhost = () => {}; let withdrawPlanGhost = () => …
 ❯ move src/ui/room-template-world-bridge.ts:51:39
 ❯ capture src/ui/room-template-world-bridge.ts:84:5
 ❯ ElementStub.pointerDown src/ui/room-template-world-bridge.ts:112:9
 ❯ ElementStub.[nodejs.internal.kHybridDispatch] node:internal/event_target:856:20
 ❯ ElementStub.dispatchEvent node:internal/event_target:789:26
 ❯ dispatch tests/unit/ui-template-held-dialog-transform.test.ts:103:98
 ❯ setup tests/unit/ui-template-held-dialog-transform.test.ts:158:43
 ❯ tests/unit/ui-template-held-dialog-transform.test.ts:232:21
 ❯ ../../Rozw%C3%B3j%20gier/lockstate-1382-doc-anchor-2026-09-24/node_modules/.pnpm/@vitest+runner@4.1.11/node_modules/@vitest/runner/dist/chunk-artifact.js:302:11

This error originated in "tests/unit/ui-template-held-dialog-transform.test.ts" test file. It doesn't mean the error was thrown inside the file itself, but while it was running.

⎯⎯⎯⎯⎯ Uncaught Exception ⎯⎯⎯⎯⎯
ReferenceError: renderFeed is not defined
 ❯ Object.worldRevision tests/unit/ui-template-held-dialog-transform.test.ts:146:16
    144|     : selector === '.hud__corner' ? box(0, 0, 350 * uiScale, 130 * uiS…
    145|     : selector === '.hud-strip' ? box(0, 0, 1920, 130 * uiScale) : und…
    146|   const main = new Function('worldScene', 'roomTemplateTool', 'appRoot…
       |                ^
    147|     'screenToGround', 'groundToScreen', 'computeObliqueFit', 'TILE_SIZ…
    148|     `let reinstallPlanGhost = () => {}; let withdrawPlanGhost = () => …
 ❯ move src/ui/room-template-world-bridge.ts:51:39
 ❯ capture src/ui/room-template-world-bridge.ts:84:5
 ❯ ElementStub.pointerMove src/ui/room-template-world-bridge.ts:95:5
 ❯ ElementStub.[nodejs.internal.kHybridDispatch] node:internal/event_target:856:20
 ❯ ElementStub.dispatchEvent node:internal/event_target:789:26
 ❯ dispatch tests/unit/ui-template-held-dialog-transform.test.ts:103:98
 ❯ setup tests/unit/ui-template-held-dialog-transform.test.ts:158:3
 ❯ tests/unit/ui-template-held-dialog-transform.test.ts:250:21
 ❯ ../../Rozw%C3%B3j%20gier/lockstate-1382-doc-anchor-2026-09-24/node_modules/.pnpm/@vitest+runner@4.1.11/node_modules/@vitest/runner/dist/chunk-artifact.js:302:11

This error originated in "tests/unit/ui-template-held-dialog-transform.test.ts" test file. It doesn't mean the error was thrown inside the file itself, but while it was running.

⎯⎯⎯⎯⎯ Uncaught Exception ⎯⎯⎯⎯⎯
ReferenceError: renderFeed is not defined
 ❯ Object.worldRevision tests/unit/ui-template-held-dialog-transform.test.ts:146:16
    144|     : selector === '.hud__corner' ? box(0, 0, 350 * uiScale, 130 * uiS…
    145|     : selector === '.hud-strip' ? box(0, 0, 1920, 130 * uiScale) : und…
    146|   const main = new Function('worldScene', 'roomTemplateTool', 'appRoot…
       |                ^
    147|     'screenToGround', 'groundToScreen', 'computeObliqueFit', 'TILE_SIZ…
    148|     `let reinstallPlanGhost = () => {}; let withdrawPlanGhost = () => …
 ❯ move src/ui/room-template-world-bridge.ts:51:39
 ❯ capture src/ui/room-template-world-bridge.ts:84:5
 ❯ ElementStub.pointerDown src/ui/room-template-world-bridge.ts:112:9
 ❯ ElementStub.[nodejs.internal.kHybridDispatch] node:internal/event_target:856:20
 ❯ ElementStub.dispatchEvent node:internal/event_target:789:26
 ❯ dispatch tests/unit/ui-template-held-dialog-transform.test.ts:103:98
 ❯ setup tests/unit/ui-template-held-dialog-transform.test.ts:158:43
 ❯ tests/unit/ui-template-held-dialog-transform.test.ts:250:21
 ❯ ../../Rozw%C3%B3j%20gier/lockstate-1382-doc-anchor-2026-09-24/node_modules/.pnpm/@vitest+runner@4.1.11/node_modules/@vitest/runner/dist/chunk-artifact.js:302:11

This error originated in "tests/unit/ui-template-held-dialog-transform.test.ts" test file. It doesn't mean the error was thrown inside the file itself, but while it was running.

⎯⎯⎯⎯⎯ Uncaught Exception ⎯⎯⎯⎯⎯
ReferenceError: renderFeed is not defined
 ❯ Object.worldRevision tests/unit/ui-renderer-template-stationary-hover.test.ts:107:16
    105|     place: async request => actors.commands.submit({ type: 'PlaceRoomT…
    106|   tool.select('cell-basic', mirrored, 1); tool.arm();
    107|   const main = new Function('worldScene', 'roomTemplateTool', 'appRoot…
       |                ^
    108|     'screenToGround', 'groundToScreen', 'computeObliqueFit', 'TILE_SIZ…
    109|     `let reinstallPlanGhost = () => {}; let withdrawPlanGhost = () => …
 ❯ move src/ui/room-template-world-bridge.ts:51:39
 ❯ capture src/ui/room-template-world-bridge.ts:84:5
 ❯ ElementStub.pointerMove src/ui/room-template-world-bridge.ts:95:5
 ❯ ElementStub.[nodejs.internal.kHybridDispatch] node:internal/event_target:856:20
 ❯ ElementStub.dispatchEvent node:internal/event_target:789:26
 ❯ pointer tests/unit/ui-renderer-template-stationary-hover.test.ts:85:10
 ❯ setup tests/unit/ui-renderer-template-stationary-hover.test.ts:144:3
 ❯ tests/unit/ui-renderer-template-stationary-hover.test.ts:159:21
 ❯ ../../Rozw%C3%B3j%20gier/lockstate-1382-doc-anchor-2026-09-24/node_modules/.pnpm/@vitest+runner@4.1.11/node_modules/@vitest/runner/dist/chunk-artifact.js:302:11

This error originated in "tests/unit/ui-renderer-template-stationary-hover.test.ts" test file. It doesn't mean the error was thrown inside the file itself, but while it was running.

⎯⎯⎯⎯⎯ Uncaught Exception ⎯⎯⎯⎯⎯
ReferenceError: renderFeed is not defined
 ❯ Object.worldRevision tests/unit/ui-renderer-template-stationary-hover.test.ts:107:16
    105|     place: async request => actors.commands.submit({ type: 'PlaceRoomT…
    106|   tool.select('cell-basic', mirrored, 1); tool.arm();
    107|   const main = new Function('worldScene', 'roomTemplateTool', 'appRoot…
       |                ^
    108|     'screenToGround', 'groundToScreen', 'computeObliqueFit', 'TILE_SIZ…
    109|     `let reinstallPlanGhost = () => {}; let withdrawPlanGhost = () => …
 ❯ move src/ui/room-template-world-bridge.ts:51:39
 ❯ capture src/ui/room-template-world-bridge.ts:84:5
 ❯ ElementStub.pointerMove src/ui/room-template-world-bridge.ts:95:5
 ❯ ElementStub.[nodejs.internal.kHybridDispatch] node:internal/event_target:856:20
 ❯ ElementStub.dispatchEvent node:internal/event_target:789:26
 ❯ pointer tests/unit/ui-renderer-template-stationary-hover.test.ts:85:10
 ❯ setup tests/unit/ui-renderer-template-stationary-hover.test.ts:144:3
 ❯ tests/unit/ui-renderer-template-stationary-hover.test.ts:174:21
 ❯ ../../Rozw%C3%B3j%20gier/lockstate-1382-doc-anchor-2026-09-24/node_modules/.pnpm/@vitest+runner@4.1.11/node_modules/@vitest/runner/dist/chunk-artifact.js:302:11

This error originated in "tests/unit/ui-renderer-template-stationary-hover.test.ts" test file. It doesn't mean the error was thrown inside the file itself, but while it was running.

⎯⎯⎯⎯⎯ Uncaught Exception ⎯⎯⎯⎯⎯
ReferenceError: renderFeed is not defined
 ❯ Object.worldRevision tests/unit/ui-renderer-template-stationary-hover.test.ts:107:16
    105|     place: async request => actors.commands.submit({ type: 'PlaceRoomT…
    106|   tool.select('cell-basic', mirrored, 1); tool.arm();
    107|   const main = new Function('worldScene', 'roomTemplateTool', 'appRoot…
       |                ^
    108|     'screenToGround', 'groundToScreen', 'computeObliqueFit', 'TILE_SIZ…
    109|     `let reinstallPlanGhost = () => {}; let withdrawPlanGhost = () => …
 ❯ move src/ui/room-template-world-bridge.ts:51:39
 ❯ capture src/ui/room-template-world-bridge.ts:84:5
 ❯ ElementStub.pointerMove src/ui/room-template-world-bridge.ts:95:5
 ❯ ElementStub.[nodejs.internal.kHybridDispatch] node:internal/event_target:856:20
 ❯ ElementStub.dispatchEvent node:internal/event_target:789:26
 ❯ pointer tests/unit/ui-renderer-template-stationary-hover.test.ts:85:10
 ❯ setup tests/unit/ui-renderer-template-stationary-hover.test.ts:144:3
 ❯ tests/unit/ui-renderer-template-stationary-hover.test.ts:159:21
 ❯ ../../Rozw%C3%B3j%20gier/lockstate-1382-doc-anchor-2026-09-24/node_modules/.pnpm/@vitest+runner@4.1.11/node_modules/@vitest/runner/dist/chunk-artifact.js:302:11

This error originated in "tests/unit/ui-renderer-template-stationary-hover.test.ts" test file. It doesn't mean the error was thrown inside the file itself, but while it was running.

⎯⎯⎯⎯⎯ Uncaught Exception ⎯⎯⎯⎯⎯
ReferenceError: renderFeed is not defined
 ❯ Object.worldRevision tests/unit/ui-renderer-template-stationary-hover.test.ts:107:16
    105|     place: async request => actors.commands.submit({ type: 'PlaceRoomT…
    106|   tool.select('cell-basic', mirrored, 1); tool.arm();
    107|   const main = new Function('worldScene', 'roomTemplateTool', 'appRoot…
       |                ^
    108|     'screenToGround', 'groundToScreen', 'computeObliqueFit', 'TILE_SIZ…
    109|     `let reinstallPlanGhost = () => {}; let withdrawPlanGhost = () => …
 ❯ move src/ui/room-template-world-bridge.ts:51:39
 ❯ capture src/ui/room-template-world-bridge.ts:84:5
 ❯ ElementStub.pointerMove src/ui/room-template-world-bridge.ts:95:5
 ❯ ElementStub.[nodejs.internal.kHybridDispatch] node:internal/event_target:856:20
 ❯ ElementStub.dispatchEvent node:internal/event_target:789:26
 ❯ pointer tests/unit/ui-renderer-template-stationary-hover.test.ts:85:10
 ❯ setup tests/unit/ui-renderer-template-stationary-hover.test.ts:144:3
 ❯ tests/unit/ui-renderer-template-stationary-hover.test.ts:174:21
 ❯ ../../Rozw%C3%B3j%20gier/lockstate-1382-doc-anchor-2026-09-24/node_modules/.pnpm/@vitest+runner@4.1.11/node_modules/@vitest/runner/dist/chunk-artifact.js:302:11

This error originated in "tests/unit/ui-renderer-template-stationary-hover.test.ts" test file. It doesn't mean the error was thrown inside the file itself, but while it was running.

⎯⎯⎯⎯⎯ Uncaught Exception ⎯⎯⎯⎯⎯
ReferenceError: renderFeed is not defined
 ❯ Object.worldRevision tests/unit/ui-renderer-template-stationary-hover.test.ts:107:16
    105|     place: async request => actors.commands.submit({ type: 'PlaceRoomT…
    106|   tool.select('cell-basic', mirrored, 1); tool.arm();
    107|   const main = new Function('worldScene', 'roomTemplateTool', 'appRoot…
       |                ^
    108|     'screenToGround', 'groundToScreen', 'computeObliqueFit', 'TILE_SIZ…
    109|     `let reinstallPlanGhost = () => {}; let withdrawPlanGhost = () => …
 ❯ move src/ui/room-template-world-bridge.ts:51:39
 ❯ capture src/ui/room-template-world-bridge.ts:84:5
 ❯ ElementStub.pointerMove src/ui/room-template-world-bridge.ts:95:5
 ❯ ElementStub.[nodejs.internal.kHybridDispatch] node:internal/event_target:856:20
 ❯ ElementStub.dispatchEvent node:internal/event_target:789:26
 ❯ pointer tests/unit/ui-renderer-template-stationary-hover.test.ts:85:10
 ❯ setup tests/unit/ui-renderer-template-stationary-hover.test.ts:144:3
 ❯ tests/unit/ui-renderer-template-stationary-hover.test.ts:159:21
 ❯ ../../Rozw%C3%B3j%20gier/lockstate-1382-doc-anchor-2026-09-24/node_modules/.pnpm/@vitest+runner@4.1.11/node_modules/@vitest/runner/dist/chunk-artifact.js:302:11

This error originated in "tests/unit/ui-renderer-template-stationary-hover.test.ts" test file. It doesn't mean the error was thrown inside the file itself, but while it was running.

⎯⎯⎯⎯⎯ Uncaught Exception ⎯⎯⎯⎯⎯
ReferenceError: renderFeed is not defined
 ❯ Object.worldRevision tests/unit/ui-renderer-template-stationary-hover.test.ts:107:16
    105|     place: async request => actors.commands.submit({ type: 'PlaceRoomT…
    106|   tool.select('cell-basic', mirrored, 1); tool.arm();
    107|   const main = new Function('worldScene', 'roomTemplateTool', 'appRoot…
       |                ^
    108|     'screenToGround', 'groundToScreen', 'computeObliqueFit', 'TILE_SIZ…
    109|     `let reinstallPlanGhost = () => {}; let withdrawPlanGhost = () => …
 ❯ move src/ui/room-template-world-bridge.ts:51:39
 ❯ capture src/ui/room-template-world-bridge.ts:84:5
 ❯ ElementStub.pointerMove src/ui/room-template-world-bridge.ts:95:5
 ❯ ElementStub.[nodejs.internal.kHybridDispatch] node:internal/event_target:856:20
 ❯ ElementStub.dispatchEvent node:internal/event_target:789:26
 ❯ pointer tests/unit/ui-renderer-template-stationary-hover.test.ts:85:10
 ❯ setup tests/unit/ui-renderer-template-stationary-hover.test.ts:144:3
 ❯ tests/unit/ui-renderer-template-stationary-hover.test.ts:174:21
 ❯ ../../Rozw%C3%B3j%20gier/lockstate-1382-doc-anchor-2026-09-24/node_modules/.pnpm/@vitest+runner@4.1.11/node_modules/@vitest/runner/dist/chunk-artifact.js:302:11

This error originated in "tests/unit/ui-renderer-template-stationary-hover.test.ts" test file. It doesn't mean the error was thrown inside the file itself, but while it was running.

⎯⎯⎯⎯⎯ Uncaught Exception ⎯⎯⎯⎯⎯
ReferenceError: renderFeed is not defined
 ❯ Object.worldRevision tests/unit/ui-renderer-template-stationary-hover.test.ts:107:16
    105|     place: async request => actors.commands.submit({ type: 'PlaceRoomT…
    106|   tool.select('cell-basic', mirrored, 1); tool.arm();
    107|   const main = new Function('worldScene', 'roomTemplateTool', 'appRoot…
       |                ^
    108|     'screenToGround', 'groundToScreen', 'computeObliqueFit', 'TILE_SIZ…
    109|     `let reinstallPlanGhost = () => {}; let withdrawPlanGhost = () => …
 ❯ move src/ui/room-template-world-bridge.ts:51:39
 ❯ capture src/ui/room-template-world-bridge.ts:84:5
 ❯ ElementStub.pointerMove src/ui/room-template-world-bridge.ts:95:5
 ❯ ElementStub.[nodejs.internal.kHybridDispatch] node:internal/event_target:856:20
 ❯ ElementStub.dispatchEvent node:internal/event_target:789:26
 ❯ pointer tests/unit/ui-renderer-template-stationary-hover.test.ts:85:10
 ❯ setup tests/unit/ui-renderer-template-stationary-hover.test.ts:144:3
 ❯ tests/unit/ui-renderer-template-stationary-hover.test.ts:159:21
 ❯ ../../Rozw%C3%B3j%20gier/lockstate-1382-doc-anchor-2026-09-24/node_modules/.pnpm/@vitest+runner@4.1.11/node_modules/@vitest/runner/dist/chunk-artifact.js:302:11

This error originated in "tests/unit/ui-renderer-template-stationary-hover.test.ts" test file. It doesn't mean the error was thrown inside the file itself, but while it was running.

⎯⎯⎯⎯⎯ Uncaught Exception ⎯⎯⎯⎯⎯
ReferenceError: renderFeed is not defined
 ❯ Object.worldRevision tests/unit/ui-renderer-template-stationary-hover.test.ts:107:16
    105|     place: async request => actors.commands.submit({ type: 'PlaceRoomT…
    106|   tool.select('cell-basic', mirrored, 1); tool.arm();
    107|   const main = new Function('worldScene', 'roomTemplateTool', 'appRoot…
       |                ^
    108|     'screenToGround', 'groundToScreen', 'computeObliqueFit', 'TILE_SIZ…
    109|     `let reinstallPlanGhost = () => {}; let withdrawPlanGhost = () => …
 ❯ move src/ui/room-template-world-bridge.ts:51:39
 ❯ capture src/ui/room-template-world-bridge.ts:84:5
 ❯ ElementStub.pointerMove src/ui/room-template-world-bridge.ts:95:5
 ❯ ElementStub.[nodejs.internal.kHybridDispatch] node:internal/event_target:856:20
 ❯ ElementStub.dispatchEvent node:internal/event_target:789:26
 ❯ pointer tests/unit/ui-renderer-template-stationary-hover.test.ts:85:10
 ❯ setup tests/unit/ui-renderer-template-stationary-hover.test.ts:144:3
 ❯ tests/unit/ui-renderer-template-stationary-hover.test.ts:174:21
 ❯ ../../Rozw%C3%B3j%20gier/lockstate-1382-doc-anchor-2026-09-24/node_modules/.pnpm/@vitest+runner@4.1.11/node_modules/@vitest/runner/dist/chunk-artifact.js:302:11

This error originated in "tests/unit/ui-renderer-template-stationary-hover.test.ts" test file. It doesn't mean the error was thrown inside the file itself, but while it was running.

⎯⎯⎯⎯⎯ Uncaught Exception ⎯⎯⎯⎯⎯
ReferenceError: renderFeed is not defined
 ❯ Object.worldRevision tests/unit/ui-renderer-template-stationary-hover.test.ts:107:16
    105|     place: async request => actors.commands.submit({ type: 'PlaceRoomT…
    106|   tool.select('cell-basic', mirrored, 1); tool.arm();
    107|   const main = new Function('worldScene', 'roomTemplateTool', 'appRoot…
       |                ^
    108|     'screenToGround', 'groundToScreen', 'computeObliqueFit', 'TILE_SIZ…
    109|     `let reinstallPlanGhost = () => {}; let withdrawPlanGhost = () => …
 ❯ move src/ui/room-template-world-bridge.ts:51:39
 ❯ capture src/ui/room-template-world-bridge.ts:84:5
 ❯ ElementStub.pointerMove src/ui/room-template-world-bridge.ts:95:5
 ❯ ElementStub.[nodejs.internal.kHybridDispatch] node:internal/event_target:856:20
 ❯ ElementStub.dispatchEvent node:internal/event_target:789:26
 ❯ pointer tests/unit/ui-renderer-template-stationary-hover.test.ts:85:10
 ❯ setup tests/unit/ui-renderer-template-stationary-hover.test.ts:144:3
 ❯ tests/unit/ui-renderer-template-stationary-hover.test.ts:191:21
 ❯ ../../Rozw%C3%B3j%20gier/lockstate-1382-doc-anchor-2026-09-24/node_modules/.pnpm/@vitest+runner@4.1.11/node_modules/@vitest/runner/dist/chunk-artifact.js:302:11

This error originated in "tests/unit/ui-renderer-template-stationary-hover.test.ts" test file. It doesn't mean the error was thrown inside the file itself, but while it was running.

⎯⎯⎯⎯⎯ Uncaught Exception ⎯⎯⎯⎯⎯
ReferenceError: renderFeed is not defined
 ❯ Object.worldRevision tests/unit/ui-renderer-template-stationary-hover.test.ts:107:16
    105|     place: async request => actors.commands.submit({ type: 'PlaceRoomT…
    106|   tool.select('cell-basic', mirrored, 1); tool.arm();
    107|   const main = new Function('worldScene', 'roomTemplateTool', 'appRoot…
       |                ^
    108|     'screenToGround', 'groundToScreen', 'computeObliqueFit', 'TILE_SIZ…
    109|     `let reinstallPlanGhost = () => {}; let withdrawPlanGhost = () => …
 ❯ move src/ui/room-template-world-bridge.ts:51:39
 ❯ capture src/ui/room-template-world-bridge.ts:84:5
 ❯ ElementStub.pointerMove src/ui/room-template-world-bridge.ts:95:5
 ❯ ElementStub.[nodejs.internal.kHybridDispatch] node:internal/event_target:856:20
 ❯ ElementStub.dispatchEvent node:internal/event_target:789:26
 ❯ pointer tests/unit/ui-renderer-template-stationary-hover.test.ts:85:10
 ❯ setup tests/unit/ui-renderer-template-stationary-hover.test.ts:144:3
 ❯ tests/unit/ui-renderer-template-stationary-hover.test.ts:198:21
 ❯ ../../Rozw%C3%B3j%20gier/lockstate-1382-doc-anchor-2026-09-24/node_modules/.pnpm/@vitest+runner@4.1.11/node_modules/@vitest/runner/dist/chunk-artifact.js:302:11

This error originated in "tests/unit/ui-renderer-template-stationary-hover.test.ts" test file. It doesn't mean the error was thrown inside the file itself, but while it was running.

⎯⎯⎯⎯⎯ Uncaught Exception ⎯⎯⎯⎯⎯
ReferenceError: renderFeed is not defined
 ❯ Object.worldRevision tests/unit/ui-renderer-template-stationary-hover.test.ts:107:16
    105|     place: async request => actors.commands.submit({ type: 'PlaceRoomT…
    106|   tool.select('cell-basic', mirrored, 1); tool.arm();
    107|   const main = new Function('worldScene', 'roomTemplateTool', 'appRoot…
       |                ^
    108|     'screenToGround', 'groundToScreen', 'computeObliqueFit', 'TILE_SIZ…
    109|     `let reinstallPlanGhost = () => {}; let withdrawPlanGhost = () => …
 ❯ move src/ui/room-template-world-bridge.ts:51:39
 ❯ capture src/ui/room-template-world-bridge.ts:84:5
 ❯ ElementStub.pointerMove src/ui/room-template-world-bridge.ts:95:5
 ❯ ElementStub.[nodejs.internal.kHybridDispatch] node:internal/event_target:856:20
 ❯ ElementStub.dispatchEvent node:internal/event_target:789:26
 ❯ pointer tests/unit/ui-renderer-template-stationary-hover.test.ts:85:10
 ❯ setup tests/unit/ui-renderer-template-stationary-hover.test.ts:144:3
 ❯ tests/unit/ui-renderer-template-stationary-hover.test.ts:206:21
 ❯ ../../Rozw%C3%B3j%20gier/lockstate-1382-doc-anchor-2026-09-24/node_modules/.pnpm/@vitest+runner@4.1.11/node_modules/@vitest/runner/dist/chunk-artifact.js:302:11

This error originated in "tests/unit/ui-renderer-template-stationary-hover.test.ts" test file. It doesn't mean the error was thrown inside the file itself, but while it was running.

⎯⎯⎯⎯⎯ Uncaught Exception ⎯⎯⎯⎯⎯
ReferenceError: renderFeed is not defined
 ❯ Object.worldRevision tests/unit/ui-renderer-template-stationary-hover.test.ts:107:16
    105|     place: async request => actors.commands.submit({ type: 'PlaceRoomT…
    106|   tool.select('cell-basic', mirrored, 1); tool.arm();
    107|   const main = new Function('worldScene', 'roomTemplateTool', 'appRoot…
       |                ^
    108|     'screenToGround', 'groundToScreen', 'computeObliqueFit', 'TILE_SIZ…
    109|     `let reinstallPlanGhost = () => {}; let withdrawPlanGhost = () => …
 ❯ move src/ui/room-template-world-bridge.ts:51:39
 ❯ capture src/ui/room-template-world-bridge.ts:84:5
 ❯ ElementStub.pointerMove src/ui/room-template-world-bridge.ts:95:5
 ❯ ElementStub.[nodejs.internal.kHybridDispatch] node:internal/event_target:856:20
 ❯ ElementStub.dispatchEvent node:internal/event_target:789:26
 ❯ pointer tests/unit/ui-renderer-template-stationary-hover.test.ts:85:10
 ❯ setup tests/unit/ui-renderer-template-stationary-hover.test.ts:144:3
 ❯ tests/unit/ui-renderer-template-stationary-hover.test.ts:191:21
 ❯ ../../Rozw%C3%B3j%20gier/lockstate-1382-doc-anchor-2026-09-24/node_modules/.pnpm/@vitest+runner@4.1.11/node_modules/@vitest/runner/dist/chunk-artifact.js:302:11

This error originated in "tests/unit/ui-renderer-template-stationary-hover.test.ts" test file. It doesn't mean the error was thrown inside the file itself, but while it was running.

⎯⎯⎯⎯⎯ Uncaught Exception ⎯⎯⎯⎯⎯
ReferenceError: renderFeed is not defined
 ❯ Object.worldRevision tests/unit/ui-renderer-template-stationary-hover.test.ts:107:16
    105|     place: async request => actors.commands.submit({ type: 'PlaceRoomT…
    106|   tool.select('cell-basic', mirrored, 1); tool.arm();
    107|   const main = new Function('worldScene', 'roomTemplateTool', 'appRoot…
       |                ^
    108|     'screenToGround', 'groundToScreen', 'computeObliqueFit', 'TILE_SIZ…
    109|     `let reinstallPlanGhost = () => {}; let withdrawPlanGhost = () => …
 ❯ move src/ui/room-template-world-bridge.ts:51:39
 ❯ capture src/ui/room-template-world-bridge.ts:84:5
 ❯ ElementStub.pointerMove src/ui/room-template-world-bridge.ts:95:5
 ❯ ElementStub.[nodejs.internal.kHybridDispatch] node:internal/event_target:856:20
 ❯ ElementStub.dispatchEvent node:internal/event_target:789:26
 ❯ pointer tests/unit/ui-renderer-template-stationary-hover.test.ts:85:10
 ❯ setup tests/unit/ui-renderer-template-stationary-hover.test.ts:144:3
 ❯ tests/unit/ui-renderer-template-stationary-hover.test.ts:198:21
 ❯ ../../Rozw%C3%B3j%20gier/lockstate-1382-doc-anchor-2026-09-24/node_modules/.pnpm/@vitest+runner@4.1.11/node_modules/@vitest/runner/dist/chunk-artifact.js:302:11

This error originated in "tests/unit/ui-renderer-template-stationary-hover.test.ts" test file. It doesn't mean the error was thrown inside the file itself, but while it was running.

⎯⎯⎯⎯⎯ Uncaught Exception ⎯⎯⎯⎯⎯
ReferenceError: renderFeed is not defined
 ❯ Object.worldRevision tests/unit/ui-renderer-template-stationary-hover.test.ts:107:16
    105|     place: async request => actors.commands.submit({ type: 'PlaceRoomT…
    106|   tool.select('cell-basic', mirrored, 1); tool.arm();
    107|   const main = new Function('worldScene', 'roomTemplateTool', 'appRoot…
       |                ^
    108|     'screenToGround', 'groundToScreen', 'computeObliqueFit', 'TILE_SIZ…
    109|     `let reinstallPlanGhost = () => {}; let withdrawPlanGhost = () => …
 ❯ move src/ui/room-template-world-bridge.ts:51:39
 ❯ capture src/ui/room-template-world-bridge.ts:84:5
 ❯ ElementStub.pointerMove src/ui/room-template-world-bridge.ts:95:5
 ❯ ElementStub.[nodejs.internal.kHybridDispatch] node:internal/event_target:856:20
 ❯ ElementStub.dispatchEvent node:internal/event_target:789:26
 ❯ pointer tests/unit/ui-renderer-template-stationary-hover.test.ts:85:10
 ❯ setup tests/unit/ui-renderer-template-stationary-hover.test.ts:144:3
 ❯ tests/unit/ui-renderer-template-stationary-hover.test.ts:206:21
 ❯ ../../Rozw%C3%B3j%20gier/lockstate-1382-doc-anchor-2026-09-24/node_modules/.pnpm/@vitest+runner@4.1.11/node_modules/@vitest/runner/dist/chunk-artifact.js:302:11

This error originated in "tests/unit/ui-renderer-template-stationary-hover.test.ts" test file. It doesn't mean the error was thrown inside the file itself, but while it was running.

⎯⎯⎯⎯⎯ Uncaught Exception ⎯⎯⎯⎯⎯
ReferenceError: renderFeed is not defined
 ❯ Object.worldRevision tests/unit/ui-renderer-template-stationary-hover.test.ts:107:16
    105|     place: async request => actors.commands.submit({ type: 'PlaceRoomT…
    106|   tool.select('cell-basic', mirrored, 1); tool.arm();
    107|   const main = new Function('worldScene', 'roomTemplateTool', 'appRoot…
       |                ^
    108|     'screenToGround', 'groundToScreen', 'computeObliqueFit', 'TILE_SIZ…
    109|     `let reinstallPlanGhost = () => {}; let withdrawPlanGhost = () => …
 ❯ move src/ui/room-template-world-bridge.ts:51:39
 ❯ capture src/ui/room-template-world-bridge.ts:84:5
 ❯ ElementStub.pointerMove src/ui/room-template-world-bridge.ts:95:5
 ❯ ElementStub.[nodejs.internal.kHybridDispatch] node:internal/event_target:856:20
 ❯ ElementStub.dispatchEvent node:internal/event_target:789:26
 ❯ pointer tests/unit/ui-renderer-template-stationary-hover.test.ts:85:10
 ❯ setup tests/unit/ui-renderer-template-stationary-hover.test.ts:144:3
 ❯ tests/unit/ui-renderer-template-stationary-hover.test.ts:191:21
 ❯ ../../Rozw%C3%B3j%20gier/lockstate-1382-doc-anchor-2026-09-24/node_modules/.pnpm/@vitest+runner@4.1.11/node_modules/@vitest/runner/dist/chunk-artifact.js:302:11

This error originated in "tests/unit/ui-renderer-template-stationary-hover.test.ts" test file. It doesn't mean the error was thrown inside the file itself, but while it was running.

⎯⎯⎯⎯⎯ Uncaught Exception ⎯⎯⎯⎯⎯
ReferenceError: renderFeed is not defined
 ❯ Object.worldRevision tests/unit/ui-renderer-template-stationary-hover.test.ts:107:16
    105|     place: async request => actors.commands.submit({ type: 'PlaceRoomT…
    106|   tool.select('cell-basic', mirrored, 1); tool.arm();
    107|   const main = new Function('worldScene', 'roomTemplateTool', 'appRoot…
       |                ^
    108|     'screenToGround', 'groundToScreen', 'computeObliqueFit', 'TILE_SIZ…
    109|     `let reinstallPlanGhost = () => {}; let withdrawPlanGhost = () => …
 ❯ move src/ui/room-template-world-bridge.ts:51:39
 ❯ capture src/ui/room-template-world-bridge.ts:84:5
 ❯ ElementStub.pointerMove src/ui/room-template-world-bridge.ts:95:5
 ❯ ElementStub.[nodejs.internal.kHybridDispatch] node:internal/event_target:856:20
 ❯ ElementStub.dispatchEvent node:internal/event_target:789:26
 ❯ pointer tests/unit/ui-renderer-template-stationary-hover.test.ts:85:10
 ❯ setup tests/unit/ui-renderer-template-stationary-hover.test.ts:144:3
 ❯ tests/unit/ui-renderer-template-stationary-hover.test.ts:198:21
 ❯ ../../Rozw%C3%B3j%20gier/lockstate-1382-doc-anchor-2026-09-24/node_modules/.pnpm/@vitest+runner@4.1.11/node_modules/@vitest/runner/dist/chunk-artifact.js:302:11

This error originated in "tests/unit/ui-renderer-template-stationary-hover.test.ts" test file. It doesn't mean the error was thrown inside the file itself, but while it was running.

⎯⎯⎯⎯⎯ Uncaught Exception ⎯⎯⎯⎯⎯
ReferenceError: renderFeed is not defined
 ❯ Object.worldRevision tests/unit/ui-renderer-template-stationary-hover.test.ts:107:16
    105|     place: async request => actors.commands.submit({ type: 'PlaceRoomT…
    106|   tool.select('cell-basic', mirrored, 1); tool.arm();
    107|   const main = new Function('worldScene', 'roomTemplateTool', 'appRoot…
       |                ^
    108|     'screenToGround', 'groundToScreen', 'computeObliqueFit', 'TILE_SIZ…
    109|     `let reinstallPlanGhost = () => {}; let withdrawPlanGhost = () => …
 ❯ move src/ui/room-template-world-bridge.ts:51:39
 ❯ capture src/ui/room-template-world-bridge.ts:84:5
 ❯ ElementStub.pointerMove src/ui/room-template-world-bridge.ts:95:5
 ❯ ElementStub.[nodejs.internal.kHybridDispatch] node:internal/event_target:856:20
 ❯ ElementStub.dispatchEvent node:internal/event_target:789:26
 ❯ pointer tests/unit/ui-renderer-template-stationary-hover.test.ts:85:10
 ❯ setup tests/unit/ui-renderer-template-stationary-hover.test.ts:144:3
 ❯ tests/unit/ui-renderer-template-stationary-hover.test.ts:206:21
 ❯ ../../Rozw%C3%B3j%20gier/lockstate-1382-doc-anchor-2026-09-24/node_modules/.pnpm/@vitest+runner@4.1.11/node_modules/@vitest/runner/dist/chunk-artifact.js:302:11

This error originated in "tests/unit/ui-renderer-template-stationary-hover.test.ts" test file. It doesn't mean the error was thrown inside the file itself, but while it was running.

⎯⎯⎯⎯⎯ Uncaught Exception ⎯⎯⎯⎯⎯
ReferenceError: renderFeed is not defined
 ❯ Object.worldRevision tests/unit/ui-renderer-template-stationary-hover.test.ts:107:16
    105|     place: async request => actors.commands.submit({ type: 'PlaceRoomT…
    106|   tool.select('cell-basic', mirrored, 1); tool.arm();
    107|   const main = new Function('worldScene', 'roomTemplateTool', 'appRoot…
       |                ^
    108|     'screenToGround', 'groundToScreen', 'computeObliqueFit', 'TILE_SIZ…
    109|     `let reinstallPlanGhost = () => {}; let withdrawPlanGhost = () => …
 ❯ move src/ui/room-template-world-bridge.ts:51:39
 ❯ capture src/ui/room-template-world-bridge.ts:84:5
 ❯ ElementStub.pointerMove src/ui/room-template-world-bridge.ts:95:5
 ❯ ElementStub.[nodejs.internal.kHybridDispatch] node:internal/event_target:856:20
 ❯ ElementStub.dispatchEvent node:internal/event_target:789:26
 ❯ pointer tests/unit/ui-renderer-template-stationary-hover.test.ts:85:10
 ❯ setup tests/unit/ui-renderer-template-stationary-hover.test.ts:144:3
 ❯ tests/unit/ui-renderer-template-stationary-hover.test.ts:191:21
 ❯ ../../Rozw%C3%B3j%20gier/lockstate-1382-doc-anchor-2026-09-24/node_modules/.pnpm/@vitest+runner@4.1.11/node_modules/@vitest/runner/dist/chunk-artifact.js:302:11

This error originated in "tests/unit/ui-renderer-template-stationary-hover.test.ts" test file. It doesn't mean the error was thrown inside the file itself, but while it was running.

⎯⎯⎯⎯⎯ Uncaught Exception ⎯⎯⎯⎯⎯
ReferenceError: renderFeed is not defined
 ❯ Object.worldRevision tests/unit/ui-renderer-template-stationary-hover.test.ts:107:16
    105|     place: async request => actors.commands.submit({ type: 'PlaceRoomT…
    106|   tool.select('cell-basic', mirrored, 1); tool.arm();
    107|   const main = new Function('worldScene', 'roomTemplateTool', 'appRoot…
       |                ^
    108|     'screenToGround', 'groundToScreen', 'computeObliqueFit', 'TILE_SIZ…
    109|     `let reinstallPlanGhost = () => {}; let withdrawPlanGhost = () => …
 ❯ move src/ui/room-template-world-bridge.ts:51:39
 ❯ capture src/ui/room-template-world-bridge.ts:84:5
 ❯ ElementStub.pointerMove src/ui/room-template-world-bridge.ts:95:5
 ❯ ElementStub.[nodejs.internal.kHybridDispatch] node:internal/event_target:856:20
 ❯ ElementStub.dispatchEvent node:internal/event_target:789:26
 ❯ pointer tests/unit/ui-renderer-template-stationary-hover.test.ts:85:10
 ❯ setup tests/unit/ui-renderer-template-stationary-hover.test.ts:144:3
 ❯ tests/unit/ui-renderer-template-stationary-hover.test.ts:198:21
 ❯ ../../Rozw%C3%B3j%20gier/lockstate-1382-doc-anchor-2026-09-24/node_modules/.pnpm/@vitest+runner@4.1.11/node_modules/@vitest/runner/dist/chunk-artifact.js:302:11

This error originated in "tests/unit/ui-renderer-template-stationary-hover.test.ts" test file. It doesn't mean the error was thrown inside the file itself, but while it was running.

⎯⎯⎯⎯⎯ Uncaught Exception ⎯⎯⎯⎯⎯
ReferenceError: renderFeed is not defined
 ❯ Object.worldRevision tests/unit/ui-renderer-template-stationary-hover.test.ts:107:16
    105|     place: async request => actors.commands.submit({ type: 'PlaceRoomT…
    106|   tool.select('cell-basic', mirrored, 1); tool.arm();
    107|   const main = new Function('worldScene', 'roomTemplateTool', 'appRoot…
       |                ^
    108|     'screenToGround', 'groundToScreen', 'computeObliqueFit', 'TILE_SIZ…
    109|     `let reinstallPlanGhost = () => {}; let withdrawPlanGhost = () => …
 ❯ move src/ui/room-template-world-bridge.ts:51:39
 ❯ capture src/ui/room-template-world-bridge.ts:84:5
 ❯ ElementStub.pointerMove src/ui/room-template-world-bridge.ts:95:5
 ❯ ElementStub.[nodejs.internal.kHybridDispatch] node:internal/event_target:856:20
 ❯ ElementStub.dispatchEvent node:internal/event_target:789:26
 ❯ pointer tests/unit/ui-renderer-template-stationary-hover.test.ts:85:10
 ❯ setup tests/unit/ui-renderer-template-stationary-hover.test.ts:144:3
 ❯ tests/unit/ui-renderer-template-stationary-hover.test.ts:206:21
 ❯ ../../Rozw%C3%B3j%20gier/lockstate-1382-doc-anchor-2026-09-24/node_modules/.pnpm/@vitest+runner@4.1.11/node_modules/@vitest/runner/dist/chunk-artifact.js:302:11

This error originated in "tests/unit/ui-renderer-template-stationary-hover.test.ts" test file. It doesn't mean the error was thrown inside the file itself, but while it was running.

⎯⎯⎯⎯⎯ Uncaught Exception ⎯⎯⎯⎯⎯
ReferenceError: renderFeed is not defined
 ❯ Object.worldRevision tests/unit/ui-template-camera-preflight-coherence.test.ts:106:16
    104|     : selector === '.hud__corner' ? box(0, 0, 350 * uiScale, 130 * uiS…
    105|     : selector === '.hud-strip' ? box(0, 0, 1920, 130 * uiScale) : und…
    106|   const main = new Function('worldScene', 'roomTemplateTool', 'appRoot…
       |                ^
    107|     'screenToGround', 'groundToScreen', 'computeObliqueFit', 'TILE_SIZ…
    108|     `let reinstallPlanGhost = () => {}; let withdrawPlanGhost = () => …
 ❯ move src/ui/room-template-world-bridge.ts:51:39
 ❯ capture src/ui/room-template-world-bridge.ts:84:5
 ❯ ElementStub.pointerMove src/ui/room-template-world-bridge.ts:95:5
 ❯ ElementStub.[nodejs.internal.kHybridDispatch] node:internal/event_target:856:20
 ❯ ElementStub.dispatchEvent node:internal/event_target:789:26
 ❯ dispatch tests/unit/ui-template-camera-preflight-coherence.test.ts:75:98
 ❯ setup tests/unit/ui-template-camera-preflight-coherence.test.ts:123:3
 ❯ tests/unit/ui-template-camera-preflight-coherence.test.ts:133:21
 ❯ ../../Rozw%C3%B3j%20gier/lockstate-1382-doc-anchor-2026-09-24/node_modules/.pnpm/@vitest+runner@4.1.11/node_modules/@vitest/runner/dist/chunk-artifact.js:302:11

This error originated in "tests/unit/ui-template-camera-preflight-coherence.test.ts" test file. It doesn't mean the error was thrown inside the file itself, but while it was running.

⎯⎯⎯⎯⎯ Uncaught Exception ⎯⎯⎯⎯⎯
ReferenceError: renderFeed is not defined
 ❯ Object.worldRevision tests/unit/ui-template-camera-preflight-coherence.test.ts:106:16
    104|     : selector === '.hud__corner' ? box(0, 0, 350 * uiScale, 130 * uiS…
    105|     : selector === '.hud-strip' ? box(0, 0, 1920, 130 * uiScale) : und…
    106|   const main = new Function('worldScene', 'roomTemplateTool', 'appRoot…
       |                ^
    107|     'screenToGround', 'groundToScreen', 'computeObliqueFit', 'TILE_SIZ…
    108|     `let reinstallPlanGhost = () => {}; let withdrawPlanGhost = () => …
 ❯ move src/ui/room-template-world-bridge.ts:51:39
 ❯ capture src/ui/room-template-world-bridge.ts:84:5
 ❯ ElementStub.pointerDown src/ui/room-template-world-bridge.ts:112:9
 ❯ ElementStub.[nodejs.internal.kHybridDispatch] node:internal/event_target:856:20
 ❯ ElementStub.dispatchEvent node:internal/event_target:789:26
 ❯ dispatch tests/unit/ui-template-camera-preflight-coherence.test.ts:75:98
 ❯ setup tests/unit/ui-template-camera-preflight-coherence.test.ts:123:43
 ❯ tests/unit/ui-template-camera-preflight-coherence.test.ts:133:21
 ❯ ../../Rozw%C3%B3j%20gier/lockstate-1382-doc-anchor-2026-09-24/node_modules/.pnpm/@vitest+runner@4.1.11/node_modules/@vitest/runner/dist/chunk-artifact.js:302:11

This error originated in "tests/unit/ui-template-camera-preflight-coherence.test.ts" test file. It doesn't mean the error was thrown inside the file itself, but while it was running.

⎯⎯⎯⎯⎯ Uncaught Exception ⎯⎯⎯⎯⎯
ReferenceError: renderFeed is not defined
 ❯ Object.worldRevision tests/unit/ui-template-camera-preflight-coherence.test.ts:106:16
    104|     : selector === '.hud__corner' ? box(0, 0, 350 * uiScale, 130 * uiS…
    105|     : selector === '.hud-strip' ? box(0, 0, 1920, 130 * uiScale) : und…
    106|   const main = new Function('worldScene', 'roomTemplateTool', 'appRoot…
       |                ^
    107|     'screenToGround', 'groundToScreen', 'computeObliqueFit', 'TILE_SIZ…
    108|     `let reinstallPlanGhost = () => {}; let withdrawPlanGhost = () => …
 ❯ move src/ui/room-template-world-bridge.ts:51:39
 ❯ capture src/ui/room-template-world-bridge.ts:84:5
 ❯ ElementStub.pointerMove src/ui/room-template-world-bridge.ts:95:5
 ❯ ElementStub.[nodejs.internal.kHybridDispatch] node:internal/event_target:856:20
 ❯ ElementStub.dispatchEvent node:internal/event_target:789:26
 ❯ dispatch tests/unit/ui-template-camera-preflight-coherence.test.ts:75:98
 ❯ setup tests/unit/ui-template-camera-preflight-coherence.test.ts:123:3
 ❯ tests/unit/ui-template-camera-preflight-coherence.test.ts:133:21
 ❯ ../../Rozw%C3%B3j%20gier/lockstate-1382-doc-anchor-2026-09-24/node_modules/.pnpm/@vitest+runner@4.1.11/node_modules/@vitest/runner/dist/chunk-artifact.js:302:11

This error originated in "tests/unit/ui-template-camera-preflight-coherence.test.ts" test file. It doesn't mean the error was thrown inside the file itself, but while it was running.

⎯⎯⎯⎯⎯ Uncaught Exception ⎯⎯⎯⎯⎯
ReferenceError: renderFeed is not defined
 ❯ Object.worldRevision tests/unit/ui-template-camera-preflight-coherence.test.ts:106:16
    104|     : selector === '.hud__corner' ? box(0, 0, 350 * uiScale, 130 * uiS…
    105|     : selector === '.hud-strip' ? box(0, 0, 1920, 130 * uiScale) : und…
    106|   const main = new Function('worldScene', 'roomTemplateTool', 'appRoot…
       |                ^
    107|     'screenToGround', 'groundToScreen', 'computeObliqueFit', 'TILE_SIZ…
    108|     `let reinstallPlanGhost = () => {}; let withdrawPlanGhost = () => …
 ❯ move src/ui/room-template-world-bridge.ts:51:39
 ❯ capture src/ui/room-template-world-bridge.ts:84:5
 ❯ ElementStub.pointerDown src/ui/room-template-world-bridge.ts:112:9
 ❯ ElementStub.[nodejs.internal.kHybridDispatch] node:internal/event_target:856:20
 ❯ ElementStub.dispatchEvent node:internal/event_target:789:26
 ❯ dispatch tests/unit/ui-template-camera-preflight-coherence.test.ts:75:98
 ❯ setup tests/unit/ui-template-camera-preflight-coherence.test.ts:123:43
 ❯ tests/unit/ui-template-camera-preflight-coherence.test.ts:133:21
 ❯ ../../Rozw%C3%B3j%20gier/lockstate-1382-doc-anchor-2026-09-24/node_modules/.pnpm/@vitest+runner@4.1.11/node_modules/@vitest/runner/dist/chunk-artifact.js:302:11

This error originated in "tests/unit/ui-template-camera-preflight-coherence.test.ts" test file. It doesn't mean the error was thrown inside the file itself, but while it was running.

⎯⎯⎯⎯⎯ Uncaught Exception ⎯⎯⎯⎯⎯
ReferenceError: renderFeed is not defined
 ❯ Object.worldRevision tests/unit/ui-template-camera-preflight-coherence.test.ts:106:16
    104|     : selector === '.hud__corner' ? box(0, 0, 350 * uiScale, 130 * uiS…
    105|     : selector === '.hud-strip' ? box(0, 0, 1920, 130 * uiScale) : und…
    106|   const main = new Function('worldScene', 'roomTemplateTool', 'appRoot…
       |                ^
    107|     'screenToGround', 'groundToScreen', 'computeObliqueFit', 'TILE_SIZ…
    108|     `let reinstallPlanGhost = () => {}; let withdrawPlanGhost = () => …
 ❯ move src/ui/room-template-world-bridge.ts:51:39
 ❯ capture src/ui/room-template-world-bridge.ts:84:5
 ❯ ElementStub.pointerMove src/ui/room-template-world-bridge.ts:95:5
 ❯ ElementStub.[nodejs.internal.kHybridDispatch] node:internal/event_target:856:20
 ❯ ElementStub.dispatchEvent node:internal/event_target:789:26
 ❯ dispatch tests/unit/ui-template-camera-preflight-coherence.test.ts:75:98
 ❯ setup tests/unit/ui-template-camera-preflight-coherence.test.ts:123:3
 ❯ tests/unit/ui-template-camera-preflight-coherence.test.ts:133:21
 ❯ ../../Rozw%C3%B3j%20gier/lockstate-1382-doc-anchor-2026-09-24/node_modules/.pnpm/@vitest+runner@4.1.11/node_modules/@vitest/runner/dist/chunk-artifact.js:302:11

This error originated in "tests/unit/ui-template-camera-preflight-coherence.test.ts" test file. It doesn't mean the error was thrown inside the file itself, but while it was running.

⎯⎯⎯⎯⎯ Uncaught Exception ⎯⎯⎯⎯⎯
ReferenceError: renderFeed is not defined
 ❯ Object.worldRevision tests/unit/ui-template-camera-preflight-coherence.test.ts:106:16
    104|     : selector === '.hud__corner' ? box(0, 0, 350 * uiScale, 130 * uiS…
    105|     : selector === '.hud-strip' ? box(0, 0, 1920, 130 * uiScale) : und…
    106|   const main = new Function('worldScene', 'roomTemplateTool', 'appRoot…
       |                ^
    107|     'screenToGround', 'groundToScreen', 'computeObliqueFit', 'TILE_SIZ…
    108|     `let reinstallPlanGhost = () => {}; let withdrawPlanGhost = () => …
 ❯ move src/ui/room-template-world-bridge.ts:51:39
 ❯ capture src/ui/room-template-world-bridge.ts:84:5
 ❯ ElementStub.pointerDown src/ui/room-template-world-bridge.ts:112:9
 ❯ ElementStub.[nodejs.internal.kHybridDispatch] node:internal/event_target:856:20
 ❯ ElementStub.dispatchEvent node:internal/event_target:789:26
 ❯ dispatch tests/unit/ui-template-camera-preflight-coherence.test.ts:75:98
 ❯ setup tests/unit/ui-template-camera-preflight-coherence.test.ts:123:43
 ❯ tests/unit/ui-template-camera-preflight-coherence.test.ts:133:21
 ❯ ../../Rozw%C3%B3j%20gier/lockstate-1382-doc-anchor-2026-09-24/node_modules/.pnpm/@vitest+runner@4.1.11/node_modules/@vitest/runner/dist/chunk-artifact.js:302:11

This error originated in "tests/unit/ui-template-camera-preflight-coherence.test.ts" test file. It doesn't mean the error was thrown inside the file itself, but while it was running.

⎯⎯⎯⎯⎯ Uncaught Exception ⎯⎯⎯⎯⎯
ReferenceError: renderFeed is not defined
 ❯ Object.worldRevision tests/unit/ui-template-camera-preflight-coherence.test.ts:106:16
    104|     : selector === '.hud__corner' ? box(0, 0, 350 * uiScale, 130 * uiS…
    105|     : selector === '.hud-strip' ? box(0, 0, 1920, 130 * uiScale) : und…
    106|   const main = new Function('worldScene', 'roomTemplateTool', 'appRoot…
       |                ^
    107|     'screenToGround', 'groundToScreen', 'computeObliqueFit', 'TILE_SIZ…
    108|     `let reinstallPlanGhost = () => {}; let withdrawPlanGhost = () => …
 ❯ move src/ui/room-template-world-bridge.ts:51:39
 ❯ capture src/ui/room-template-world-bridge.ts:84:5
 ❯ ElementStub.pointerMove src/ui/room-template-world-bridge.ts:95:5
 ❯ ElementStub.[nodejs.internal.kHybridDispatch] node:internal/event_target:856:20
 ❯ ElementStub.dispatchEvent node:internal/event_target:789:26
 ❯ dispatch tests/unit/ui-template-camera-preflight-coherence.test.ts:75:98
 ❯ setup tests/unit/ui-template-camera-preflight-coherence.test.ts:123:3
 ❯ tests/unit/ui-template-camera-preflight-coherence.test.ts:133:21
 ❯ ../../Rozw%C3%B3j%20gier/lockstate-1382-doc-anchor-2026-09-24/node_modules/.pnpm/@vitest+runner@4.1.11/node_modules/@vitest/runner/dist/chunk-artifact.js:302:11

This error originated in "tests/unit/ui-template-camera-preflight-coherence.test.ts" test file. It doesn't mean the error was thrown inside the file itself, but while it was running.

⎯⎯⎯⎯⎯ Uncaught Exception ⎯⎯⎯⎯⎯
ReferenceError: renderFeed is not defined
 ❯ Object.worldRevision tests/unit/ui-template-camera-preflight-coherence.test.ts:106:16
    104|     : selector === '.hud__corner' ? box(0, 0, 350 * uiScale, 130 * uiS…
    105|     : selector === '.hud-strip' ? box(0, 0, 1920, 130 * uiScale) : und…
    106|   const main = new Function('worldScene', 'roomTemplateTool', 'appRoot…
       |                ^
    107|     'screenToGround', 'groundToScreen', 'computeObliqueFit', 'TILE_SIZ…
    108|     `let reinstallPlanGhost = () => {}; let withdrawPlanGhost = () => …
 ❯ move src/ui/room-template-world-bridge.ts:51:39
 ❯ capture src/ui/room-template-world-bridge.ts:84:5
 ❯ ElementStub.pointerDown src/ui/room-template-world-bridge.ts:112:9
 ❯ ElementStub.[nodejs.internal.kHybridDispatch] node:internal/event_target:856:20
 ❯ ElementStub.dispatchEvent node:internal/event_target:789:26
 ❯ dispatch tests/unit/ui-template-camera-preflight-coherence.test.ts:75:98
 ❯ setup tests/unit/ui-template-camera-preflight-coherence.test.ts:123:43
 ❯ tests/unit/ui-template-camera-preflight-coherence.test.ts:133:21
 ❯ ../../Rozw%C3%B3j%20gier/lockstate-1382-doc-anchor-2026-09-24/node_modules/.pnpm/@vitest+runner@4.1.11/node_modules/@vitest/runner/dist/chunk-artifact.js:302:11

This error originated in "tests/unit/ui-template-camera-preflight-coherence.test.ts" test file. It doesn't mean the error was thrown inside the file itself, but while it was running.

⎯⎯⎯⎯⎯ Uncaught Exception ⎯⎯⎯⎯⎯
ReferenceError: renderFeed is not defined
 ❯ Object.worldRevision tests/unit/ui-template-camera-preflight-coherence.test.ts:106:16
    104|     : selector === '.hud__corner' ? box(0, 0, 350 * uiScale, 130 * uiS…
    105|     : selector === '.hud-strip' ? box(0, 0, 1920, 130 * uiScale) : und…
    106|   const main = new Function('worldScene', 'roomTemplateTool', 'appRoot…
       |                ^
    107|     'screenToGround', 'groundToScreen', 'computeObliqueFit', 'TILE_SIZ…
    108|     `let reinstallPlanGhost = () => {}; let withdrawPlanGhost = () => …
 ❯ move src/ui/room-template-world-bridge.ts:51:39
 ❯ capture src/ui/room-template-world-bridge.ts:84:5
 ❯ ElementStub.pointerMove src/ui/room-template-world-bridge.ts:95:5
 ❯ ElementStub.[nodejs.internal.kHybridDispatch] node:internal/event_target:856:20
 ❯ ElementStub.dispatchEvent node:internal/event_target:789:26
 ❯ dispatch tests/unit/ui-template-camera-preflight-coherence.test.ts:75:98
 ❯ setup tests/unit/ui-template-camera-preflight-coherence.test.ts:123:3
 ❯ tests/unit/ui-template-camera-preflight-coherence.test.ts:133:21
 ❯ ../../Rozw%C3%B3j%20gier/lockstate-1382-doc-anchor-2026-09-24/node_modules/.pnpm/@vitest+runner@4.1.11/node_modules/@vitest/runner/dist/chunk-artifact.js:302:11

This error originated in "tests/unit/ui-template-camera-preflight-coherence.test.ts" test file. It doesn't mean the error was thrown inside the file itself, but while it was running.

⎯⎯⎯⎯⎯ Uncaught Exception ⎯⎯⎯⎯⎯
ReferenceError: renderFeed is not defined
 ❯ Object.worldRevision tests/unit/ui-template-camera-preflight-coherence.test.ts:106:16
    104|     : selector === '.hud__corner' ? box(0, 0, 350 * uiScale, 130 * uiS…
    105|     : selector === '.hud-strip' ? box(0, 0, 1920, 130 * uiScale) : und…
    106|   const main = new Function('worldScene', 'roomTemplateTool', 'appRoot…
       |                ^
    107|     'screenToGround', 'groundToScreen', 'computeObliqueFit', 'TILE_SIZ…
    108|     `let reinstallPlanGhost = () => {}; let withdrawPlanGhost = () => …
 ❯ move src/ui/room-template-world-bridge.ts:51:39
 ❯ capture src/ui/room-template-world-bridge.ts:84:5
 ❯ ElementStub.pointerDown src/ui/room-template-world-bridge.ts:112:9
 ❯ ElementStub.[nodejs.internal.kHybridDispatch] node:internal/event_target:856:20
 ❯ ElementStub.dispatchEvent node:internal/event_target:789:26
 ❯ dispatch tests/unit/ui-template-camera-preflight-coherence.test.ts:75:98
 ❯ setup tests/unit/ui-template-camera-preflight-coherence.test.ts:123:43
 ❯ tests/unit/ui-template-camera-preflight-coherence.test.ts:133:21
 ❯ ../../Rozw%C3%B3j%20gier/lockstate-1382-doc-anchor-2026-09-24/node_modules/.pnpm/@vitest+runner@4.1.11/node_modules/@vitest/runner/dist/chunk-artifact.js:302:11

This error originated in "tests/unit/ui-template-camera-preflight-coherence.test.ts" test file. It doesn't mean the error was thrown inside the file itself, but while it was running.

⎯⎯⎯⎯⎯ Uncaught Exception ⎯⎯⎯⎯⎯
ReferenceError: renderFeed is not defined
 ❯ Object.worldRevision tests/unit/ui-template-camera-preflight-coherence.test.ts:106:16
    104|     : selector === '.hud__corner' ? box(0, 0, 350 * uiScale, 130 * uiS…
    105|     : selector === '.hud-strip' ? box(0, 0, 1920, 130 * uiScale) : und…
    106|   const main = new Function('worldScene', 'roomTemplateTool', 'appRoot…
       |                ^
    107|     'screenToGround', 'groundToScreen', 'computeObliqueFit', 'TILE_SIZ…
    108|     `let reinstallPlanGhost = () => {}; let withdrawPlanGhost = () => …
 ❯ move src/ui/room-template-world-bridge.ts:51:39
 ❯ capture src/ui/room-template-world-bridge.ts:84:5
 ❯ ElementStub.pointerMove src/ui/room-template-world-bridge.ts:95:5
 ❯ ElementStub.[nodejs.internal.kHybridDispatch] node:internal/event_target:856:20
 ❯ ElementStub.dispatchEvent node:internal/event_target:789:26
 ❯ dispatch tests/unit/ui-template-camera-preflight-coherence.test.ts:75:98
 ❯ setup tests/unit/ui-template-camera-preflight-coherence.test.ts:123:3
 ❯ tests/unit/ui-template-camera-preflight-coherence.test.ts:133:21
 ❯ ../../Rozw%C3%B3j%20gier/lockstate-1382-doc-anchor-2026-09-24/node_modules/.pnpm/@vitest+runner@4.1.11/node_modules/@vitest/runner/dist/chunk-artifact.js:302:11

This error originated in "tests/unit/ui-template-camera-preflight-coherence.test.ts" test file. It doesn't mean the error was thrown inside the file itself, but while it was running.

⎯⎯⎯⎯⎯ Uncaught Exception ⎯⎯⎯⎯⎯
ReferenceError: renderFeed is not defined
 ❯ Object.worldRevision tests/unit/ui-template-camera-preflight-coherence.test.ts:106:16
    104|     : selector === '.hud__corner' ? box(0, 0, 350 * uiScale, 130 * uiS…
    105|     : selector === '.hud-strip' ? box(0, 0, 1920, 130 * uiScale) : und…
    106|   const main = new Function('worldScene', 'roomTemplateTool', 'appRoot…
       |                ^
    107|     'screenToGround', 'groundToScreen', 'computeObliqueFit', 'TILE_SIZ…
    108|     `let reinstallPlanGhost = () => {}; let withdrawPlanGhost = () => …
 ❯ move src/ui/room-template-world-bridge.ts:51:39
 ❯ capture src/ui/room-template-world-bridge.ts:84:5
 ❯ ElementStub.pointerDown src/ui/room-template-world-bridge.ts:112:9
 ❯ ElementStub.[nodejs.internal.kHybridDispatch] node:internal/event_target:856:20
 ❯ ElementStub.dispatchEvent node:internal/event_target:789:26
 ❯ dispatch tests/unit/ui-template-camera-preflight-coherence.test.ts:75:98
 ❯ setup tests/unit/ui-template-camera-preflight-coherence.test.ts:123:43
 ❯ tests/unit/ui-template-camera-preflight-coherence.test.ts:133:21
 ❯ ../../Rozw%C3%B3j%20gier/lockstate-1382-doc-anchor-2026-09-24/node_modules/.pnpm/@vitest+runner@4.1.11/node_modules/@vitest/runner/dist/chunk-artifact.js:302:11

This error originated in "tests/unit/ui-template-camera-preflight-coherence.test.ts" test file. It doesn't mean the error was thrown inside the file itself, but while it was running.

⎯⎯⎯⎯⎯ Uncaught Exception ⎯⎯⎯⎯⎯
ReferenceError: renderFeed is not defined
 ❯ Object.worldRevision tests/unit/ui-template-camera-preflight-coherence.test.ts:106:16
    104|     : selector === '.hud__corner' ? box(0, 0, 350 * uiScale, 130 * uiS…
    105|     : selector === '.hud-strip' ? box(0, 0, 1920, 130 * uiScale) : und…
    106|   const main = new Function('worldScene', 'roomTemplateTool', 'appRoot…
       |                ^
    107|     'screenToGround', 'groundToScreen', 'computeObliqueFit', 'TILE_SIZ…
    108|     `let reinstallPlanGhost = () => {}; let withdrawPlanGhost = () => …
 ❯ move src/ui/room-template-world-bridge.ts:51:39
 ❯ capture src/ui/room-template-world-bridge.ts:84:5
 ❯ ElementStub.pointerMove src/ui/room-template-world-bridge.ts:95:5
 ❯ ElementStub.[nodejs.internal.kHybridDispatch] node:internal/event_target:856:20
 ❯ ElementStub.dispatchEvent node:internal/event_target:789:26
 ❯ dispatch tests/unit/ui-template-camera-preflight-coherence.test.ts:75:98
 ❯ setup tests/unit/ui-template-camera-preflight-coherence.test.ts:123:3
 ❯ tests/unit/ui-template-camera-preflight-coherence.test.ts:133:21
 ❯ ../../Rozw%C3%B3j%20gier/lockstate-1382-doc-anchor-2026-09-24/node_modules/.pnpm/@vitest+runner@4.1.11/node_modules/@vitest/runner/dist/chunk-artifact.js:302:11

This error originated in "tests/unit/ui-template-camera-preflight-coherence.test.ts" test file. It doesn't mean the error was thrown inside the file itself, but while it was running.

⎯⎯⎯⎯⎯ Uncaught Exception ⎯⎯⎯⎯⎯
ReferenceError: renderFeed is not defined
 ❯ Object.worldRevision tests/unit/ui-template-camera-preflight-coherence.test.ts:106:16
    104|     : selector === '.hud__corner' ? box(0, 0, 350 * uiScale, 130 * uiS…
    105|     : selector === '.hud-strip' ? box(0, 0, 1920, 130 * uiScale) : und…
    106|   const main = new Function('worldScene', 'roomTemplateTool', 'appRoot…
       |                ^
    107|     'screenToGround', 'groundToScreen', 'computeObliqueFit', 'TILE_SIZ…
    108|     `let reinstallPlanGhost = () => {}; let withdrawPlanGhost = () => …
 ❯ move src/ui/room-template-world-bridge.ts:51:39
 ❯ capture src/ui/room-template-world-bridge.ts:84:5
 ❯ ElementStub.pointerDown src/ui/room-template-world-bridge.ts:112:9
 ❯ ElementStub.[nodejs.internal.kHybridDispatch] node:internal/event_target:856:20
 ❯ ElementStub.dispatchEvent node:internal/event_target:789:26
 ❯ dispatch tests/unit/ui-template-camera-preflight-coherence.test.ts:75:98
 ❯ setup tests/unit/ui-template-camera-preflight-coherence.test.ts:123:43
 ❯ tests/unit/ui-template-camera-preflight-coherence.test.ts:133:21
 ❯ ../../Rozw%C3%B3j%20gier/lockstate-1382-doc-anchor-2026-09-24/node_modules/.pnpm/@vitest+runner@4.1.11/node_modules/@vitest/runner/dist/chunk-artifact.js:302:11

This error originated in "tests/unit/ui-template-camera-preflight-coherence.test.ts" test file. It doesn't mean the error was thrown inside the file itself, but while it was running.

⎯⎯⎯⎯⎯ Uncaught Exception ⎯⎯⎯⎯⎯
ReferenceError: renderFeed is not defined
 ❯ Object.worldRevision tests/unit/ui-template-camera-preflight-coherence.test.ts:106:16
    104|     : selector === '.hud__corner' ? box(0, 0, 350 * uiScale, 130 * uiS…
    105|     : selector === '.hud-strip' ? box(0, 0, 1920, 130 * uiScale) : und…
    106|   const main = new Function('worldScene', 'roomTemplateTool', 'appRoot…
       |                ^
    107|     'screenToGround', 'groundToScreen', 'computeObliqueFit', 'TILE_SIZ…
    108|     `let reinstallPlanGhost = () => {}; let withdrawPlanGhost = () => …
 ❯ move src/ui/room-template-world-bridge.ts:51:39
 ❯ capture src/ui/room-template-world-bridge.ts:84:5
 ❯ ElementStub.pointerMove src/ui/room-template-world-bridge.ts:95:5
 ❯ ElementStub.[nodejs.internal.kHybridDispatch] node:internal/event_target:856:20
 ❯ ElementStub.dispatchEvent node:internal/event_target:789:26
 ❯ dispatch tests/unit/ui-template-camera-preflight-coherence.test.ts:75:98
 ❯ setup tests/unit/ui-template-camera-preflight-coherence.test.ts:123:3
 ❯ tests/unit/ui-template-camera-preflight-coherence.test.ts:133:21
 ❯ ../../Rozw%C3%B3j%20gier/lockstate-1382-doc-anchor-2026-09-24/node_modules/.pnpm/@vitest+runner@4.1.11/node_modules/@vitest/runner/dist/chunk-artifact.js:302:11

This error originated in "tests/unit/ui-template-camera-preflight-coherence.test.ts" test file. It doesn't mean the error was thrown inside the file itself, but while it was running.

⎯⎯⎯⎯⎯ Uncaught Exception ⎯⎯⎯⎯⎯
ReferenceError: renderFeed is not defined
 ❯ Object.worldRevision tests/unit/ui-template-camera-preflight-coherence.test.ts:106:16
    104|     : selector === '.hud__corner' ? box(0, 0, 350 * uiScale, 130 * uiS…
    105|     : selector === '.hud-strip' ? box(0, 0, 1920, 130 * uiScale) : und…
    106|   const main = new Function('worldScene', 'roomTemplateTool', 'appRoot…
       |                ^
    107|     'screenToGround', 'groundToScreen', 'computeObliqueFit', 'TILE_SIZ…
    108|     `let reinstallPlanGhost = () => {}; let withdrawPlanGhost = () => …
 ❯ move src/ui/room-template-world-bridge.ts:51:39
 ❯ capture src/ui/room-template-world-bridge.ts:84:5
 ❯ ElementStub.pointerDown src/ui/room-template-world-bridge.ts:112:9
 ❯ ElementStub.[nodejs.internal.kHybridDispatch] node:internal/event_target:856:20
 ❯ ElementStub.dispatchEvent node:internal/event_target:789:26
 ❯ dispatch tests/unit/ui-template-camera-preflight-coherence.test.ts:75:98
 ❯ setup tests/unit/ui-template-camera-preflight-coherence.test.ts:123:43
 ❯ tests/unit/ui-template-camera-preflight-coherence.test.ts:133:21
 ❯ ../../Rozw%C3%B3j%20gier/lockstate-1382-doc-anchor-2026-09-24/node_modules/.pnpm/@vitest+runner@4.1.11/node_modules/@vitest/runner/dist/chunk-artifact.js:302:11

This error originated in "tests/unit/ui-template-camera-preflight-coherence.test.ts" test file. It doesn't mean the error was thrown inside the file itself, but while it was running.
⎯⎯⎯⎯⎯⎯⎯⎯⎯⎯⎯⎯⎯⎯⎯⎯⎯⎯⎯⎯⎯⎯⎯⎯⎯⎯⎯⎯⎯⎯

